model,dataset,original_index,question,answer,confidence,correct,error,ling_conf_level,ling_conf_score,ling_marker_count,ling_unique_marker_count,ling_has_marker
qwen/qwen3-14b,fever,184,Oscar the los Hoya was named Fighter of the Year,NOT ENOUGH INFO,0.9879356963678534,1,,medium,0.5,0,0,0
google/gemma-4-26b-a4b-it,fever,647,"The portrayor of a character that is based on Tim Canterbury from the original version of The Office was born on October 2, 1979",REFUTES,0.9999988824172102,1,,medium,0.5,0,0,0
google/gemma-4-26b-a4b-it,fever,949,Billboard Dad stars Robin Wright and is a motion picture.,NOT ENOUGH INFO,0.9999663354842224,1,,medium,0.5,0,0,0
qwen/qwen3-14b,fever,949,Billboard Dad stars Robin Wright and is a motion picture.,NOT ENOUGH INFO,0.9637242991761493,1,,medium,0.5,0,0,0
qwen/qwen3-14b,fever,50,"There exists a part of the Ferrari Cartel, it goes by the name of MS-13.",NOT ENOUGH INFO,0.9892528465514732,1,,medium,0.5,0,0,0
qwen/qwen3-14b,fever,254,"There was a structural failure, it was called Vampire Academy.",NOT ENOUGH INFO,0.9763442221178584,1,,medium,0.5,0,0,0
qwen/qwen3-14b,fever,428,"There exists a 1964 American independent horror film, it goes by the name of Night of the Living Dead.",NOT ENOUGH INFO,0.9946580743595855,1,,medium,0.5,0,0,0
qwen/qwen3-14b,fever,102,Ashton Kutcher was directed by a person married to Amal Clooney.,NOT ENOUGH INFO,0.9816404059227487,1,,medium,0.5,0,0,0
google/gemma-4-26b-a4b-it,fever,446,There exists no unit called Weill Cornell Medicine.,REFUTES,0.9999995529656949,1,,medium,0.5,0,0,0
qwen/qwen3-14b,fever,975,The area of Kolaras is larger than the area of Spain.,,0.0,0,"no JSON object in model text (preview '"".\n{\n\n"":{"":""REFUTES""}'…)",medium,0.5,0,0,0
qwen/qwen3-14b,fever,854,Coins of the Swiss franc can be used just outside of Switzerland,NOT ENOUGH INFO,0.9928034405619269,1,,medium,0.5,0,0,0
qwen/qwen3-14b,fever,649,The ruins of the ancient Roman town of Herculaneum lie near the regional capital of Campania,Naples,0.862642647552565,0,,medium,0.5,0,0,0
qwen/qwen3-14b,fever,262,There does not exist a film called The Little Prince (2015 film).,REFUTES,0.9507137336243779,1,,medium,0.5,0,0,0
qwen/qwen3-14b,fever,1080,Bhagat Singh was an Indian citizen born in Punjab.,NOT ENOUGH INFO,0.993192533705654,1,,medium,0.5,0,0,0
google/gemma-4-26b-a4b-it,fever,909,"There is a novel, it is called The Big Country.",REFUTES,0.9999003523599198,1,,medium,0.5,0,0,0
google/gemma-4-26b-a4b-it,fever,685,Colin Kaepernick did not become a starter during the 49ers 63rd season in the National Football League and is a person who plays football.,NOT ENOUGH INFO,0.9999966621913696,1,,medium,0.5,0,0,0
qwen/qwen3-14b,fever,685,Colin Kaepernick did not become a starter during the 49ers 63rd season in the National Football League and is a person who plays football.,NOT ENOUGH INFO,0.9422048771373794,1,,medium,0.5,0,0,0
qwen/qwen3-14b,fever,88,There did not exist a place called Yugoslavia.,REFUTES,0.8967727961290556,1,,medium,0.5,0,0,0
qwen/qwen3-14b,fever,305,Harold Macmillan only served as the President of the the country which ruled over India till 1947.,NOT ENOUGH INFO,0.9943264795804798,1,,medium,0.5,0,0,0
qwen/qwen3-14b,fever,658,"There is a Dutch screenwriter, they are called Carey Hayes.",NOT ENOUGH INFO,0.9926177917078725,1,,medium,0.5,0,0,0
qwen/qwen3-14b,fever,481,"An American singer who sung the best selling single Tik Tok was born on March 1st, 1987 in a Pasadena, California.",NOT ENOUGH INFO,0.9907747426480046,1,,medium,0.5,0,0,0
qwen/qwen3-14b,fever,476,There does not exist a biographical romantic drama film called A United Kingdom.,REFUTES,0.9216250717329239,1,,medium,0.5,0,0,0
google/gemma-4-26b-a4b-it,fever,1132,Varsity Blues (film) is not directed by someone who often collaborates with producer Michael Tollin,REFUTES,0.9999953211204043,1,,medium,0.5,0,0,0
google/gemma-4-26b-a4b-it,fever,604,Sofia Coppol is in the same relation to Francis Ford Coppola as Maciej Stuhr to Jerzy Stuhr.,daughter,0.8953540904071265,0,,medium,0.5,0,0,0
google/gemma-4-26b-a4b-it,fever,795,Bongwater follows the story of a medication dealer,SUPPORTS,0.9999811515442931,1,,medium,0.5,0,0,0
google/gemma-4-26b-a4b-it,fever,1068,Jennifer Anniston appeared in Along Came Polly while her father was playing the role of Victor Kiriakis,SUPPORTS,0.9982116046878559,1,,medium,0.5,0,0,0
google/gemma-4-26b-a4b-it,fever,822,"There is a television series, it is called Younger.",SUPPORTS,0.9999636631430113,1,,medium,0.5,0,0,0
google/gemma-4-26b-a4b-it,fever,877,Rob Sheridan is an American  wildlife photographer.,NOT ENOUGH INFO,0.9999929801009568,1,,medium,0.5,0,0,0
google/gemma-4-26b-a4b-it,fever,1154,Saturn is the sixth planet from the only planet in the solar system known to harbor life.,NOT ENOUGH INFO,0.9997369187818423,1,,medium,0.5,0,0,0
qwen/qwen3-14b,fever,235,There is not a character called Carol Danvers.,REFUTES,0.9308853531990906,1,,medium,0.5,0,0,0
qwen/qwen3-14b,fever,407,"On Monday August 19, 1945, lead singer and lyricist for the  English rock band formed in Hertford in 1968 was born",Paul Weller,0.9621297205868372,0,,medium,0.5,0,0,0
qwen/qwen3-14b,fever,128,A United Kingdom isn't directed by Sean Baker.,SUPPORTS,0.9635543886342324,1,,medium,0.5,0,0,0
google/gemma-4-26b-a4b-it,fever,26,Aristotle spent the majority of his life in the sixth and second largest continents in the world.,NOT ENOUGH INFO,0.999996741652312,1,,medium,0.5,0,0,0
qwen/qwen3-14b,fever,132,Artpop was Gaga's second consecutive number-one record in the United States in 2013.,NOT ENOUGH INFO,0.9927413811679598,1,,medium,0.5,0,0,0
qwen/qwen3-14b,fever,1040,The former spouse of Demi Moore reacted in 2005.,NOT ENOUGH INFO,0.993888726301357,1,,medium,0.5,0,0,0
qwen/qwen3-14b,fever,792,"There is a director, a Swede, who was involved in the production of A United Kingdom.",NOT ENOUGH INFO,0.9950935871822797,1,,medium,0.5,0,0,0
qwen/qwen3-14b,fever,754,The National Film Award for Best Director has been awarded to a person who made his debut with the film Ram Sethu.,NOT ENOUGH INFO,0.9888516078747928,1,,medium,0.5,0,0,0
qwen/qwen3-14b,fever,527,Goosebumps (film) was directed by someone who co-directed and co-wrote Shark Tale.,SUPPORTS,0.9944193170309714,1,,medium,0.5,0,0,0
qwen/qwen3-14b,fever,320,"There exists a farmer, it goes by the name of John Frusciante.",NOT ENOUGH INFO,0.996120409184361,1,,medium,0.5,0,0,0
qwen/qwen3-14b,fever,577,"There exists a person, it goes by the name of Sebastian Vettel.",SUPPORTS,0.9896123801471758,1,,medium,0.5,0,0,0
qwen/qwen3-14b,fever,354,"Vassilis Palaiokostas was also significant in his relationship with his brother, Nikos Palaiokostas, who established a close friendship with him in the prison and in the media.",NOT ENOUGH INFO,0.9757095313327615,1,,medium,0.5,0,0,0
google/gemma-4-26b-a4b-it,fever,489,There does not exist a slasher film that goes by the name of Scream 2.,REFUTES,0.9999995529655421,1,,medium,0.5,0,0,0
qwen/qwen3-14b,fever,489,There does not exist a slasher film that goes by the name of Scream 2.,REFUTES,0.9069208468071561,1,,medium,0.5,0,0,0
google/gemma-4-26b-a4b-it,fever,322,The House of the Spirits is about the life of a young lady named Clara during the military authoritarian in pig,REFUTES,0.9999991059330036,1,,medium,0.5,0,0,0
google/gemma-4-26b-a4b-it,fever,948,"Buffy Summers is not related to an American television series created by Joss Whedon under his production tag , Mutant Enemy Productions",REFUTES,0.9999996423724085,1,,medium,0.5,0,0,0
google/gemma-4-26b-a4b-it,fever,760,"There is a political leader, they are called Anthony Scaramucci.",Anthony Scaramucci,0.9998640661696605,0,,medium,0.5,0,0,0
google/gemma-4-26b-a4b-it,fever,832,Aestheticism has as subjects fine art documentaries and music,NOT ENOUGH INFO,0.9999978410029198,1,,medium,0.5,0,0,0
google/gemma-4-26b-a4b-it,fever,271,A person who has won Emmy awards twice for outstanding choreography has worked with a K-pop singer from Luxembourg.,NOT ENOUGH INFO,0.9999976423232616,1,,medium,0.5,0,0,0
google/gemma-4-26b-a4b-it,fever,355,Sweet Home Alabama is a rock song that was written in reply to two songs from Neil Young's album Harvest and was written in reply to Neil Young's song Southern Man.,NOT ENOUGH INFO,0.9999811004199077,1,,medium,0.5,0,0,0
google/gemma-4-26b-a4b-it,fever,172,There is a season of a TV show called The Challenge XXX: Dirty 30.,SUPPORTS,0.9999987185032366,1,,medium,0.5,0,0,0
google/gemma-4-26b-a4b-it,fever,273,"There was a nation-state, it was called Yugoslavia.",NOT ENOUGH INFO,0.9999949668185352,1,,medium,0.5,0,0,0
qwen/qwen3-14b,fever,692,More than 20 people were excuted in Republic of Ireland.,SUPPORTS,0.9780258541044244,1,,medium,0.5,0,0,0
qwen/qwen3-14b,fever,460,There exists a suburban borough that goes by the name of Birmingham.,REFUTES,0.9751552909593448,1,,medium,0.5,0,0,0
google/gemma-4-26b-a4b-it,fever,980,There exists a hierarchy of leagues that goes by the name of Minor League Baseball.,SUPPORTS,0.9999996423724102,1,,medium,0.5,0,0,0
google/gemma-4-26b-a4b-it,fever,3,"The Nice Guys is a 2016 American neo-noir action comedy film directed by an Danish screenwriter , director , producer and actor , known for writing the 1987 action film hit Lethal Weapon",REFUTES,0.9999978393501349,1,,medium,0.5,0,0,0
google/gemma-4-26b-a4b-it,fever,690,The grandson of Henry Purcell was a chorister in the Chapel Royal after Baroque style began in Italy.,SUPPORTS,0.9994547598571986,1,,medium,0.5,0,0,0
google/gemma-4-26b-a4b-it,fever,1144,There exists no Brazilian called Freddie Highmore.,SUPPORTS,0.9999997764826559,1,,medium,0.5,0,0,0
qwen/qwen3-14b,fever,1144,There exists no Brazilian called Freddie Highmore.,SUPPORTS,0.9401140043704083,1,,medium,0.5,0,0,0
qwen/qwen3-14b,fever,573,"During an uprising that began on 10 March 1959 , when a revolt erupted in Lhasa , the 14th Dalai Lama fled to Bangladesh","REFUTES: The 14th Dalai Lama fled to India, not Bangladesh, after the 1959 Lhasa uprising.",0.9729607293006408,1,,medium,0.5,0,0,0
google/gemma-4-26b-a4b-it,fever,240,There did not exist a statesman that goes by the name of Paul von Hindenburg.,REFUTES,0.99999948910363,1,,medium,0.5,0,0,0
google/gemma-4-26b-a4b-it,fever,15,The 66th Primetime Emmy Awards was hosted by an American comedian born before 1980.,SUPPORTS,0.9999992506854214,1,,medium,0.5,0,0,0
qwen/qwen3-14b,fever,976,Buffy the Vampire Slayer had more than one co-managerial producer,SUPPORTS,0.936800893484266,1,,medium,0.5,0,0,0
qwen/qwen3-14b,fever,118,The area of Bodié is larger than the area of Malhargarh.,Not Enough Info,0.9748166271573214,1,,medium,0.5,0,0,0
google/gemma-4-26b-a4b-it,fever,6,Omar Khadr was declared guilty and was detained at Guantanamo Bay.,NOT ENOUGH INFO,0.9999455878797997,1,,medium,0.5,0,0,0
google/gemma-4-26b-a4b-it,fever,934,Warren Beatty had no collaboration with a two time academic winner.,REFUTES,0.9999979734528335,1,,medium,0.5,0,0,0
qwen/qwen3-14b,fever,934,Warren Beatty had no collaboration with a two time academic winner.,REFUTES,0.9809427877914768,1,,medium,0.5,0,0,0
qwen/qwen3-14b,fever,984,There is not a brand of hot dog called Sarah Hyland.,SUPPORTS,0.9630396598024438,1,,medium,0.5,0,0,0
qwen/qwen3-14b,fever,674,"Maximum Overdrive's screenwriter was an American author of horror , supernatural fiction , suspense , science fiction , and fantasy born on September 21, 1947",Stephen King,0.973976309334238,0,,medium,0.5,0,0,0
qwen/qwen3-14b,fever,780,Pilularia globulifera and R. globulifera are the only species in the order Pilula that both produce and release microsporangia and microsporangia in a heterosporous fashion.,REFUTES,0.9788763035995169,1,,medium,0.5,0,0,0
qwen/qwen3-14b,fever,1076,There does not exist an exact adaptation of the video game series that goes by the name of Resident Evil.,SUPPORTS,0.9973571081102304,1,,medium,0.5,0,0,0
qwen/qwen3-14b,fever,350,The Woman in Black was abandoned by Hammer Film Productions in the 2010s in favor of working on Freddie vs. Jason.,REFUTES,0.9919071671971705,1,,medium,0.5,0,0,0
google/gemma-4-26b-a4b-it,fever,1165,Jennifer Aniston appeared in Horrible Bosses after her father first appeared in Days of Our Lives.,SUPPORTS,0.9999996721747464,1,,medium,0.5,0,0,0
qwen/qwen3-14b,fever,967,"The First World War, also known as the Great War, started in Europe and lasted for 4 years.",SUPPORTS,0.9856304202595175,1,,medium,0.5,0,0,0
qwen/qwen3-14b,fever,530,Starrcade was eventually broadcast via charge per view television,SUPPORTS,0.9136382638140155,1,,medium,0.5,0,0,0
qwen/qwen3-14b,fever,1122,There was a kingdom in the Caucasus and they are significant called Georgians arose from a place that.,Kingdom of Georgia,0.969329809603475,0,,medium,0.5,0,0,0
qwen/qwen3-14b,fever,163,There exists a son that goes by the name of Tyler Perry.,NOT ENOUGH INFO,0.9716321814605303,1,,medium,0.5,0,0,0
qwen/qwen3-14b,fever,42,Globalism is not a group of ideologies that oppose the concept of globalization.,SUPPORTS,0.9420398083444248,1,,medium,0.5,0,0,0
qwen/qwen3-14b,fever,60,"The Prowler was created by Stan Lee, John Buscema, and Jim Mooney 3 years before 1975.",1972,0.9966626828437305,0,,medium,0.5,0,0,0
qwen/qwen3-14b,fever,211,"There exists a place, Maine, that is the birthplace of the person Jefferson Davis.","Jefferson Davis was born in Kentucky, not Maine.",0.979324715385045,0,,medium,0.5,0,0,0
google/gemma-4-26b-a4b-it,fever,656,"There is a location, it is called A staging area.",SUPPORTS,0.9987625130052473,1,,medium,0.5,0,0,0
qwen/qwen3-14b,fever,656,"There is a location, it is called A staging area.",SUPPORTS,0.9839853593360286,1,,medium,0.5,0,0,0
qwen/qwen3-14b,fever,223,Kate Hudson is left wing political activist,SUPPORTS,0.9970457753039312,1,,medium,0.5,0,0,0
qwen/qwen3-14b,fever,1053,Email filtering output is capable of throwing messages away and output is capable of delivering unchanged frogs.,REFUTES,0.9653572475362315,1,,medium,0.5,0,0,0
google/gemma-4-26b-a4b-it,fever,236,"Recession indexing is derived from a number of different company performance indicators including earnings, employment, and inflation.",REFUTES,0.9921845184672051,1,,medium,0.5,0,0,0
qwen/qwen3-14b,fever,236,"Recession indexing is derived from a number of different company performance indicators including earnings, employment, and inflation.","Incorrect; recession indexes use macroeconomic data, not company performance indicators.",0.9701017465086477,0,,medium,0.5,0,0,0
qwen/qwen3-14b,fever,344,There exists a former Lawrence Kotkin Associates bond trader called Leslie Alexander.,NOT ENOUGH INFO,0.9815918159239708,1,,medium,0.5,0,0,0
google/gemma-4-26b-a4b-it,fever,699,Chris Bosh won his first NBA Finals title 4 years after 2009.,REFUTES,0.9999990463280325,1,,medium,0.5,0,0,0
qwen/qwen3-14b,fever,699,Chris Bosh won his first NBA Finals title 4 years after 2009.,REFUTES,0.9640354741881371,1,,medium,0.5,0,0,0
qwen/qwen3-14b,fever,570,Southampton F.C. came in second in the First Division after 1990 -- 1984.,REFUTES,0.9814519822291927,1,,medium,0.5,0,0,0
qwen/qwen3-14b,fever,318,Villa Park hosted the 90th FA Community Shield 4 years before 2016.,REFUTES,0.9980827469093794,0,,medium,0.5,0,0,0
qwen/qwen3-14b,fever,426,"Raudeberg is also located on the northeastern edge of the island of Silda, on the shore of the bay of Silda.",southwestern coast,0.9257280519650273,0,,medium,0.5,0,0,0
qwen/qwen3-14b,fever,334,There is an American author with five kids called Dan Brown.,NOT ENOUGH INFO,0.9893145216096597,1,,medium,0.5,0,0,0
google/gemma-4-26b-a4b-it,fever,1113,There exists an episode of a TV series called The Challenge XXX: Dirty 30.,REFUTES,0.9999970645038525,1,,medium,0.5,0,0,0
qwen/qwen3-14b,fever,390,There is not an American citizen that goes by the name of Natasha Lyonne.,REFUTES,0.9472246748205082,1,,medium,0.5,0,0,0
google/gemma-4-26b-a4b-it,fever,1077,"There exists a division of a European company, it goes by the name of Mercedes-Benz.",SUPPORTS,0.999998450283427,1,,medium,0.5,0,0,0
qwen/qwen3-14b,fever,1118,The Adventures of Pluto Nash stars at least somebody that was born in the 20th century,SUPPORTS,0.925014126201357,1,,medium,0.5,0,0,0
google/gemma-4-26b-a4b-it,fever,642,There exists a genre of music called Benzodiazepine.,REFUTES,0.9999953956252259,1,,medium,0.5,0,0,0
google/gemma-4-26b-a4b-it,fever,417,The Hunger Games film series' first film is definitely not directed by a gorilla.,SUPPORTS,0.9999997168781204,1,,medium,0.5,0,0,0
google/gemma-4-26b-a4b-it,fever,1047,French Indochina was a grouping of French colonial territories in the hottest years of the twentieth century.,NOT ENOUGH INFO,0.9999947019386705,1,,medium,0.5,0,0,0
google/gemma-4-26b-a4b-it,fever,706,"Stomp the Yard stars an American actress born in an hospital on the 8th of August ,1981.",NOT ENOUGH INFO,0.9999952184918119,1,,medium,0.5,0,0,0
google/gemma-4-26b-a4b-it,fever,433,A.C. Milan was founded before its former owner of 31 years was born.,SUPPORTS,0.999999925494203,1,,medium,0.5,0,0,0
google/gemma-4-26b-a4b-it,fever,25,"Daniel Craig took over the role of James Bond from the previous actor, who appeared in Mrs. Doubtfire before Craig graduated from drama school.",SUPPORTS,0.999999344349721,1,,medium,0.5,0,0,0
google/gemma-4-26b-a4b-it,fever,1104,"There existed a critical failure with 20% on Rotten Tomatoes, it went by the name of Vampire Academy.",NOT ENOUGH INFO,0.9999897087808858,1,,medium,0.5,0,0,0
google/gemma-4-26b-a4b-it,fever,510,There does not exist a Mexican band called Scandal.,SUPPORTS,0.9999980181611959,1,,medium,0.5,0,0,0
google/gemma-4-26b-a4b-it,fever,860,There is not a type of storm that goes by the name of A thunderstorm.,REFUTES,0.999997019806102,1,,medium,0.5,0,0,0
google/gemma-4-26b-a4b-it,fever,423,"There exists a type of super storm, it goes by the name of A thunderstorm.",NOT ENOUGH INFO,0.9999545382546746,1,,medium,0.5,0,0,0
google/gemma-4-26b-a4b-it,fever,410,Live Nation Entertainment formed from the smoothest merger of the 2010s between Live Nation and Ticketmaster.,NOT ENOUGH INFO,0.9999978542498821,1,,medium,0.5,0,0,0
google/gemma-4-26b-a4b-it,fever,418,Anthony Scaramucci is not a person.,REFUTES,0.9999995231635493,1,,medium,0.5,0,0,0
google/gemma-4-26b-a4b-it,fever,144,There is not an American citizen called Natasha Lyonne.,REFUTES,0.9999990314267296,1,,medium,0.5,0,0,0
google/gemma-4-26b-a4b-it,fever,930,"Stephen Fellows is an English rock band, has composed music for several singers and has produced music employing the band's own vocalist.",REFUTES,0.9999977052357578,1,,medium,0.5,0,0,0
google/gemma-4-26b-a4b-it,fever,578,There is not a computer game that goes by the name of Firefox.,SUPPORTS,0.9999983608821812,1,,medium,0.5,0,0,0
google/gemma-4-26b-a4b-it,fever,637,A View to a Kill is the third James Bond film directed by John Glen and released after 1990.,REFUTES,0.9999965940451059,1,,medium,0.5,0,0,0
google/gemma-4-26b-a4b-it,fever,432,There exists a television series that goes by the name of Younger.,SUPPORTS,0.9999980181596372,1,,medium,0.5,0,0,0
google/gemma-4-26b-a4b-it,fever,92,There is a Native-American actor called Sean Gunn.,REFUTES,0.9999995380645085,1,,medium,0.5,0,0,0
google/gemma-4-26b-a4b-it,fever,73,Honeymoon is the second major-label record by Elizabeth Woolridge Grant.,REFUTES,0.9999248013488227,1,,medium,0.5,0,0,0
google/gemma-4-26b-a4b-it,fever,514,A View to a Kill is the third James Bond film directed by John Glen and released in the first-decade of the twenty-first century.,REFUTES,0.9999984673152715,1,,medium,0.5,0,0,0
google/gemma-4-26b-a4b-it,fever,157,There exists a Brazilian called Freddie Highmore.,REFUTES,0.9999987185049455,1,,medium,0.5,0,0,0
google/gemma-4-26b-a4b-it,fever,493,Meteora is an album by a band from a country which lies to the north of United States.,NOT ENOUGH INFO,0.9999820406088709,1,,medium,0.5,0,0,0
google/gemma-4-26b-a4b-it,fever,971,AMTOR is also used in the machines used in a later generation of computers to emulate a radio system.,REFUTES,0.9995733446047477,1,,medium,0.5,0,0,0
google/gemma-4-26b-a4b-it,fever,820,There existed a dancer called Estelle Getty.,NOT ENOUGH INFO,0.9999967416599354,1,,medium,0.5,0,0,0
google/gemma-4-26b-a4b-it,fever,1148,"There was a place where mostly English people gathered, it was called Pocahontas attended a masque at Whitehall Palace which.",NOT ENOUGH INFO,0.9999997483361102,1,,medium,0.5,0,0,0
google/gemma-4-26b-a4b-it,fever,785,Sebastian Vettel is not a person.,REFUTES,0.9999997786114444,1,,medium,0.5,0,0,0
google/gemma-4-26b-a4b-it,fever,882,1790 is not the approximate time at which the person Benjamin Franklin started living.,SUPPORTS,0.999998554593141,1,,medium,0.5,0,0,0
google/gemma-4-26b-a4b-it,fever,346,There is a religious leader called William Cohen.,NOT ENOUGH INFO,0.9999976025937064,1,,medium,0.5,0,0,0
google/gemma-4-26b-a4b-it,fever,697,Hindu Kush is a geographic feature and is a romance movie.,REFUTES,0.9999989122202618,1,,medium,0.5,0,0,0
google/gemma-4-26b-a4b-it,fever,821,There exists a UK National Committee that goes by the name of UNICEF UK.,NOT ENOUGH INFO,0.994358213532016,1,,medium,0.5,0,0,0
google/gemma-4-26b-a4b-it,fever,638,The Paper isn't directed by Barack Obama.,SUPPORTS,0.9999987334061339,1,,medium,0.5,0,0,0
google/gemma-4-26b-a4b-it,fever,14,"Adam Khoo is an investor in the Singapore Stock Exchange and various forms of trading, including stock-market mutual funds and derivatives.",NOT ENOUGH INFO,0.9999785445165551,1,,medium,0.5,0,0,0
google/gemma-4-26b-a4b-it,fever,214,One True Thing is film that originated from outside the United States.,REFUTES,0.9999983757797902,1,,medium,0.5,0,0,0
google/gemma-4-26b-a4b-it,fever,171,"There exists a Bostonian, it goes by the name of Johnny Van Zant.",NOT ENOUGH INFO,0.9999921324774435,1,,medium,0.5,0,0,0
google/gemma-4-26b-a4b-it,fever,391,Steph Curry won an MVP award after his father stopped playing.,SUPPORTS,0.9999998211861261,1,,medium,0.5,0,0,0
qwen/qwen3-14b,fever,391,Steph Curry won an MVP award after his father stopped playing.,SUPPORTS,0.9653104975976775,1,,medium,0.5,0,0,0
google/gemma-4-26b-a4b-it,fever,482,Peyton Manning was drafted before his brother.,SUPPORTS,0.9999699334758217,1,,medium,0.5,0,0,0
google/gemma-4-26b-a4b-it,fever,255,There is not a 1986 science fiction action horror comedy film written and directed by Stephen King called Maximum Overdrive.,REFUTES,0.9999970197874056,1,,medium,0.5,0,0,0
qwen/qwen3-14b,fever,166,"The Prowler was created by Stan Lee, John Buscema, and Jim Mooney in the seventies of the twentieth century.",NOT ENOUGH INFO,0.9791538729119224,1,,medium,0.5,0,0,0
qwen/qwen3-14b,fever,187,"Camden, New Jersey is the home of a school that was founded as the South Jersey Law School between 1925 and 1927.",Rutgers Law School,0.9561459323221843,0,,medium,0.5,0,0,0
google/gemma-4-26b-a4b-it,fever,459,There exists a volleyball player called Laura Robson.,REFUTES,0.9996873775188292,1,,medium,0.5,0,0,0
google/gemma-4-26b-a4b-it,fever,925,"There exists an embodiment of cultism called Sacre-Coeur, Paris.",NOT ENOUGH INFO,0.9999962250979187,1,,medium,0.5,0,0,0
google/gemma-4-26b-a4b-it,fever,251,"There existed an attempt to incorporate Cyprus into Greece, it was called There.",ENOSIS,0.9282483317657362,0,,medium,0.5,0,0,0
google/gemma-4-26b-a4b-it,fever,1012,There does not exist a religion called Birmingham.,SUPPORTS,0.9999994550437545,1,,medium,0.5,0,0,0
qwen/qwen3-14b,fever,308,Topman belongs to a British multinational retailing company and is part of a retailing company.,Arcadia Group,0.8879743290483065,0,,medium,0.5,0,0,0
google/gemma-4-26b-a4b-it,fever,401,Terry Crews played professional football in the year when Pakistan won the Cricket world cup.,NOT ENOUGH INFO,0.99998585474856,1,,medium,0.5,0,0,0
google/gemma-4-26b-a4b-it,fever,69,The area of Ladwa is larger than the area of Niğde Province.,REFUTES,0.9999988824157323,1,,medium,0.5,0,0,0
google/gemma-4-26b-a4b-it,fever,847,There is a 1998 TV series called Practical Magic.,NOT ENOUGH INFO,0.9999955363617188,1,,medium,0.5,0,0,0
google/gemma-4-26b-a4b-it,fever,592,There exists a giant actress that goes by the name of Aubrey Anderson-Emmons.,NOT ENOUGH INFO,0.9999985032683384,1,,medium,0.5,0,0,0
google/gemma-4-26b-a4b-it,fever,898,John Deighton was forced to pursue work and worked a parcel of land that had gold.,NOT ENOUGH INFO,0.9999988741384759,1,,medium,0.5,0,0,0
google/gemma-4-26b-a4b-it,fever,225,There is not a state that goes by the name of Estonia.,REFUTES,0.9999997317793192,1,,medium,0.5,0,0,0
qwen/qwen3-14b,fever,470,"There is a 4D bicycle, it is called Tangled.",NOT ENOUGH INFO,0.9583706887075438,1,,medium,0.5,0,0,0
google/gemma-4-26b-a4b-it,fever,1004,There exists an American film called Scream 2.,SUPPORTS,0.999999369894912,1,,medium,0.5,0,0,0
qwen/qwen3-14b,fever,1004,There exists an American film called Scream 2.,,0.0,0,"no JSON object in model text (preview 'N.\n{\n\n"":{""\n\n    :"""", \n\n    ""answer"": ""SUPPORTS""\n\n}'…)",medium,0.5,0,0,0
qwen/qwen3-14b,fever,368,Red Dust is a 2000 novel written by a South African.,J.M. Coetzee,0.9893634682042024,0,,medium,0.5,0,0,0
google/gemma-4-26b-a4b-it,fever,935,"Simi Valley, California, reported a median household income of $87,894 5 years after 2007.",SUPPORTS,0.9999996423723738,1,,medium,0.5,0,0,0
qwen/qwen3-14b,fever,511,"There is a well-known performance, it is called The Gettysburg Address.",The Gettysburg Address,0.9923272970058785,0,,medium,0.5,0,0,0
google/gemma-4-26b-a4b-it,fever,437,Chumlee is played by actor that was a businessman and was on television that originated from outside the United States.,REFUTES,0.9998281574490265,1,,medium,0.5,0,0,0
qwen/qwen3-14b,fever,437,Chumlee is played by actor that was a businessman and was on television that originated from outside the United States.,REFUTES,0.9161933223095584,1,,medium,0.5,0,0,0
qwen/qwen3-14b,fever,723,There exists a public school that goes by the name of PBS.,NOT ENOUGH INFO,0.9915000760049248,1,,medium,0.5,0,0,0
qwen/qwen3-14b,fever,304,There is an architect called Faye Resnick.,NOT ENOUGH INFO,0.9832793482616639,1,,medium,0.5,0,0,0
google/gemma-4-26b-a4b-it,fever,563,Robert Siegel was an American poet and novelist.,SUPPORTS,0.9999995082621284,1,,medium,0.5,0,0,0
qwen/qwen3-14b,fever,563,Robert Siegel was an American poet and novelist.,SUPPORTS,0.9313468954500508,1,,medium,0.5,0,0,0
google/gemma-4-26b-a4b-it,fever,704,The actress playing Jackie Kennedy in Jackie (2016 film) has ciizenship only from one country,REFUTES,0.9999984353878376,1,,medium,0.5,0,0,0
qwen/qwen3-14b,fever,704,The actress playing Jackie Kennedy in Jackie (2016 film) has ciizenship only from one country,REFUTES,0.9761976895211489,1,,medium,0.5,0,0,0
google/gemma-4-26b-a4b-it,fever,983,There is not a work that goes by the name of The Giver.,REFUTES,0.9999981671698556,1,,medium,0.5,0,0,0
qwen/qwen3-14b,fever,983,There is not a work that goes by the name of The Giver.,REFUTES,0.9372687922495058,1,,medium,0.5,0,0,0
qwen/qwen3-14b,fever,595,There does not exist a 2010 biopic that goes by the name of Temple Grandin.,REFUTES,0.9373819995154844,1,,medium,0.5,0,0,0
qwen/qwen3-14b,fever,647,"The portrayor of a character that is based on Tim Canterbury from the original version of The Office was born on October 2, 1979",REFUTES,0.9734011564792303,1,,medium,0.5,0,0,0
qwen/qwen3-14b,fever,720,There is not a work called The Giver.,The Giver is a well-known novel by Lois Lowry.,0.8729796431942791,0,,medium,0.5,0,0,0
google/gemma-4-26b-a4b-it,fever,549,"Côme Isaïe Rinfret was also a lawyer, serving as a justice of the peace, county councillor, and county sheriff.",NOT ENOUGH INFO,0.9999799482653795,1,,medium,0.5,0,0,0
qwen/qwen3-14b,fever,549,"Côme Isaïe Rinfret was also a lawyer, serving as a justice of the peace, county councillor, and county sheriff.",NOT ENOUGH INFO,0.9877806546872083,1,,medium,0.5,0,0,0
google/gemma-4-26b-a4b-it,fever,48,The area of Madhya Pradesh is larger than the area of Xangongo.,SUPPORTS,0.9999994933611611,1,,medium,0.5,0,0,0
google/gemma-4-26b-a4b-it,fever,1153,Any polygon may be dissected into any other polygon of the same area.,REFUTES,0.9999973625216487,1,,medium,0.5,0,0,0
qwen/qwen3-14b,fever,1153,Any polygon may be dissected into any other polygon of the same area.,REFUTES,0.9924553131426281,1,,medium,0.5,0,0,0
google/gemma-4-26b-a4b-it,fever,975,The area of Kolaras is larger than the area of Spain.,REFUTES,0.9999992166262778,1,,medium,0.5,0,0,0
google/gemma-4-26b-a4b-it,fever,854,Coins of the Swiss franc can be used just outside of Switzerland,NOT ENOUGH INFO,0.9999974833883003,1,,medium,0.5,0,0,0
qwen/qwen3-14b,fever,936,"The area of Manica Province is larger than the area of Nerva, Spain.",SUPPORTS,0.955905864757552,1,,medium,0.5,0,0,0
google/gemma-4-26b-a4b-it,fever,262,There does not exist a film called The Little Prince (2015 film).,REFUTES,0.9999995231633552,1,,medium,0.5,0,0,0
google/gemma-4-26b-a4b-it,fever,88,There did not exist a place called Yugoslavia.,REFUTES,0.999999597669028,1,,medium,0.5,0,0,0
google/gemma-4-26b-a4b-it,fever,841,"Lazze Ohlyz are a musical duo consisting of two instruments, an instrumental and a classical jazz quartet.",REFUTES,0.9999984800872119,1,,medium,0.5,0,0,0
google/gemma-4-26b-a4b-it,fever,960,Dennis Edwards is a former American college and professional football player,SUPPORTS,0.9999995380645085,1,,medium,0.5,0,0,0
google/gemma-4-26b-a4b-it,fever,19,There exists a Korean band called Scandal.,REFUTES,0.9608341025553293,1,,medium,0.5,0,0,0
google/gemma-4-26b-a4b-it,fever,722,Artpop was Gaga's second consecutive number-one record in the United States 4 years after 2005.,REFUTES,0.9999990910312012,1,,medium,0.5,0,0,0
google/gemma-4-26b-a4b-it,fever,128,A United Kingdom isn't directed by Sean Baker.,SUPPORTS,0.9999949337004446,1,,medium,0.5,0,0,0
google/gemma-4-26b-a4b-it,fever,1127,The area of Chentang is larger than the area of Gougoudjé.,Not Enough Info,0.9999997085996462,1,,medium,0.5,0,0,0
google/gemma-4-26b-a4b-it,fever,85,There existed an assassin that went by the name of The Gettysburg Address was delivered by someone who.,NOT ENOUGH INFO,0.9999956423204039,1,,medium,0.5,0,0,0
google/gemma-4-26b-a4b-it,fever,678,There existed a Presbyterian called Charles de Gaulle.,NOT ENOUGH INFO,0.9999904504387345,1,,medium,0.5,0,0,0
google/gemma-4-26b-a4b-it,fever,692,More than 20 people were excuted in Republic of Ireland.,SUPPORTS,0.9999994784598797,1,,medium,0.5,0,0,0
google/gemma-4-26b-a4b-it,fever,931,The horse was spoken of as a Eohippus when it had multiple fingers,SUPPORTS,0.9999987483080552,1,,medium,0.5,0,0,0
google/gemma-4-26b-a4b-it,fever,791,A&E has permanently been called A&E,REFUTES,0.9999934436716209,1,,medium,0.5,0,0,0
google/gemma-4-26b-a4b-it,fever,624,Quay had its first public exhibition in Manhattan,SUPPORTS,0.9999988228114499,1,,medium,0.5,0,0,0
google/gemma-4-26b-a4b-it,fever,1118,The Adventures of Pluto Nash stars at least somebody that was born in the 20th century,SUPPORTS,0.9999998211861261,1,,medium,0.5,0,0,0
google/gemma-4-26b-a4b-it,fever,443,"James, Viscount Severn has no relation to the youngest of four children and the third son of Queen Elizabeth II and Prince Philip, Duke of Edinburgh.",REFUTES,0.9999993869245258,1,,medium,0.5,0,0,0
google/gemma-4-26b-a4b-it,fever,731,There is a movie called Barbarella which is not directed by Roger Vadim.,REFUTES,0.9999981373632584,1,,medium,0.5,0,0,0
google/gemma-4-26b-a4b-it,fever,1051,The area of Lunda Norte Province is larger than the area of Teterow.,SUPPORTS,0.9999995827679156,1,,medium,0.5,0,0,0
qwen/qwen3-14b,fever,104,There is not a squid that goes by the name of Pink.,,0.0,0,'NoneType' object is not subscriptable,medium,0.5,0,0,0
qwen/qwen3-14b,fever,940,French Indochina was a grouping of French colonial territories in Southeast Asia in the ninties of the twentieth century.,,0.0,0,'NoneType' object is not subscriptable,medium,0.5,0,0,0
qwen/qwen3-14b,fever,510,There does not exist a Mexican band called Scandal.,,0.0,0,'NoneType' object is not subscriptable,medium,0.5,0,0,0
google/gemma-4-26b-a4b-it,fever,89,A person nominated for an Emmy Award for his work on Portlandia is a standup comedian.,NOT ENOUGH INFO,0.999994105912867,1,,medium,0.5,0,0,0
google/gemma-4-26b-a4b-it,fever,297,Queen Elizabeth was born after her father became Duke of York.,SUPPORTS,0.9999995912827152,1,,medium,0.5,0,0,0
qwen/qwen3-14b,fever,1021,"Jean Freeman's coaching style is the same as that of many coaches, taking advantage of the pools and the open-water pool.",NOT ENOUGH INFO,0.9482297421501584,1,,medium,0.5,0,0,0
qwen/qwen3-14b,fever,1044,The Originals (TV series) is based on English language broadcast television network that originated from the United States.,REFUTES,0.9527255325279981,1,,medium,0.5,0,0,0
google/gemma-4-26b-a4b-it,fever,1116,The Master Race is a 1944 American drama film.,SUPPORTS,0.9911794586816401,1,,medium,0.5,0,0,0
google/gemma-4-26b-a4b-it,fever,276,T2 Trainspotting is directed by someone whose debut film Slumdog Millionaire won the BAFTA Award for Best British Film,REFUTES,0.9999992336561468,1,,medium,0.5,0,0,0
qwen/qwen3-14b,fever,848,The area of Segboroué is larger than the area of Salehieh.,Not Enough Info,0.8789573506523299,1,,medium,0.5,0,0,0
google/gemma-4-26b-a4b-it,fever,376,"Lucy Hale was in a series that was a spin-off of American Idol , but with younger contestants , and had the same production team as American Idol.",SUPPORTS,0.9999992996467012,1,,medium,0.5,0,0,0
google/gemma-4-26b-a4b-it,fever,1022,Taran Killam is a comedian and is a stage actor.,NOT ENOUGH INFO,0.9999862520674795,1,,medium,0.5,0,0,0
qwen/qwen3-14b,fever,964,One Dance was Drake's first number one single 5 years before 2003.,REFUTES,0.9187505265365774,1,,medium,0.5,0,0,0
qwen/qwen3-14b,fever,787,Kim Jeong-ho was arrested by Daewongun and Daedongyeojido had been destroyed.,REFUTES,0.9152033049246993,1,,medium,0.5,0,0,0
qwen/qwen3-14b,fever,567,No one ever had a higher rank than Dwight D. Eisenhower in United States Armed Forces.,REFUTES,0.9911562323675693,1,,medium,0.5,0,0,0
qwen/qwen3-14b,fever,930,"Stephen Fellows is an English rock band, has composed music for several singers and has produced music employing the band's own vocalist.",REFUTES,0.9252926624851452,1,,medium,0.5,0,0,0
qwen/qwen3-14b,fever,578,There is not a computer game that goes by the name of Firefox.,SUPPORTS,0.9479980147328717,1,,medium,0.5,0,0,0
google/gemma-4-26b-a4b-it,fever,357,The area of Burdur Province is larger than the area of San Cristóbal de La Laguna.,SUPPORTS,0.99999973177925,1,,medium,0.5,0,0,0
qwen/qwen3-14b,fever,357,The area of Burdur Province is larger than the area of San Cristóbal de La Laguna.,SUPPORTS,0.9490099778326047,1,,medium,0.5,0,0,0
qwen/qwen3-14b,fever,637,A View to a Kill is the third James Bond film directed by John Glen and released after 1990.,REFUTES,0.961796352839769,1,,medium,0.5,0,0,0
qwen/qwen3-14b,fever,432,There exists a television series that goes by the name of Younger.,Yes,0.982817314325836,0,,medium,0.5,0,0,0
qwen/qwen3-14b,fever,865,Sherilyn_Fenn came to attention for her performance as Audrey Horne created by Christopher Nolan,REFUTES,0.909732344359286,1,,medium,0.5,0,0,0
qwen/qwen3-14b,fever,92,There is a Native-American actor called Sean Gunn.,REFUTES,0.9025489494360902,1,,medium,0.5,0,0,0
qwen/qwen3-14b,fever,514,A View to a Kill is the third James Bond film directed by John Glen and released in the first-decade of the twenty-first century.,REFUTES,0.9500223770616693,1,,medium,0.5,0,0,0
google/gemma-4-26b-a4b-it,fever,579,"January 27, 1960 is not the approximate time at which the person Loretta Sanchez was born.",SUPPORTS,0.9994081239212771,1,,medium,0.5,0,0,0
google/gemma-4-26b-a4b-it,fever,267,James VI and I began the British colonization of the Americas 4 years before 1611.,NOT ENOUGH INFO,0.9999951390166464,1,,medium,0.5,0,0,0
google/gemma-4-26b-a4b-it,fever,7,Robert Kardashian is an ex-husband of a mother of a person appearing on a sex tape.,SUPPORTS,0.9999948400409217,1,,medium,0.5,0,0,0
google/gemma-4-26b-a4b-it,fever,283,Friday the 13th is the approximate time at which the person Caleb McLaughlin started living.,NOT ENOUGH INFO,0.9999987019491496,1,,medium,0.5,0,0,0
google/gemma-4-26b-a4b-it,fever,315,The Thin Red Line (1998 film) features a performance by only one American actor.,NOT ENOUGH INFO,0.9999982383645579,1,,medium,0.5,0,0,0
google/gemma-4-26b-a4b-it,fever,1097,Kevin Bacon acted in The Woodsman when he was 93 years old and appeared in a film Barry Levinson directed.,REFUTES,0.999998569492818,1,,medium,0.5,0,0,0
google/gemma-4-26b-a4b-it,fever,534,"Camden, New Jersey is the home of a school that was founded as the South Jersey Law School 4 years before 1926.",REFUTES,0.999995812834065,1,,medium,0.5,0,0,0
qwen/qwen3-14b,fever,541,There exists a Australian politician that goes by the name of Mamata Banerjee.,REFUTES,0.9164836871269965,1,,medium,0.5,0,0,0
qwen/qwen3-14b,fever,482,Peyton Manning was drafted before his brother.,SUPPORTS,0.8674523628580001,1,,medium,0.5,0,0,0
google/gemma-4-26b-a4b-it,fever,455,"Keith Urban was released by a person whose singles Locked Out of Heaven and When I Was Your Man, reached number one on the US Billboard Hot 100 chart.",NOT ENOUGH INFO,0.9997127586719313,1,,medium,0.5,0,0,0
qwen/qwen3-14b,fever,455,"Keith Urban was released by a person whose singles Locked Out of Heaven and When I Was Your Man, reached number one on the US Billboard Hot 100 chart.",NOT ENOUGH INFO,0.9982068160490594,1,,medium,0.5,0,0,0
qwen/qwen3-14b,fever,255,There is not a 1986 science fiction action horror comedy film written and directed by Stephen King called Maximum Overdrive.,REFUTES,0.9705058122507072,1,,medium,0.5,0,0,0
google/gemma-4-26b-a4b-it,fever,166,"The Prowler was created by Stan Lee, John Buscema, and Jim Mooney in the seventies of the twentieth century.",NOT ENOUGH INFO,0.9999940131984407,1,,medium,0.5,0,0,0
qwen/qwen3-14b,fever,77,Coeliac disease may result in increased risk of cancer and is not treated by maintaining a gluten-free diet.,REFUTES,0.8546983309097593,1,,medium,0.5,0,0,0
qwen/qwen3-14b,fever,123,There exists a long running television series called SpongeBob SquarePants.,Yes,0.9972280533539296,0,,medium,0.5,0,0,0
google/gemma-4-26b-a4b-it,fever,84,1970 is the approximate time at which the person Eric Bana started living.,REFUTES,0.9999990314268158,1,,medium,0.5,0,0,0
google/gemma-4-26b-a4b-it,fever,831,There exists a drag race racing team called Red Bull Racing.,NOT ENOUGH INFO,0.9999752603115688,1,,medium,0.5,0,0,0
google/gemma-4-26b-a4b-it,fever,628,Delino DeShields played major league baseball before his son was born.,SUPPORTS,0.9999997019769786,1,,medium,0.5,0,0,0
google/gemma-4-26b-a4b-it,fever,504,The Woman in Black was abandoned by Hammer Film Productions in the second-decade of the twenty-first century in favor of working on Freddie vs. Jason.,REFUTES,0.9999997466803824,1,,medium,0.5,0,0,0
google/gemma-4-26b-a4b-it,fever,457,Chris Bosh won his first NBA Finals title before 2000 against Oklahoma City Thunder.,REFUTES,0.9999994337567188,1,,medium,0.5,0,0,0
google/gemma-4-26b-a4b-it,fever,470,"There is a 4D bicycle, it is called Tangled.",NOT ENOUGH INFO,0.9999993509728007,1,,medium,0.5,0,0,0
google/gemma-4-26b-a4b-it,fever,721,The Brat Pack is a type of name given to a panel,SUPPORTS,0.9245056983723317,1,,medium,0.5,0,0,0
google/gemma-4-26b-a4b-it,fever,413,Shut Up is not a title.,REFUTES,0.9999994933610794,1,,medium,0.5,0,0,0
google/gemma-4-26b-a4b-it,fever,1042,Margaret Thatcher was the most respected politician within the Conservative Party in the UK between 1973 and 1977.,NOT ENOUGH INFO,0.9999983708155801,1,,medium,0.5,0,0,0
google/gemma-4-26b-a4b-it,fever,595,There does not exist a 2010 biopic that goes by the name of Temple Grandin.,REFUTES,0.9999990633570642,1,,medium,0.5,0,0,0
qwen/qwen3-14b,fever,973,There was a firefighter in France called Richard Dawson.,NOT ENOUGH INFO,0.9900504095391257,1,,medium,0.5,0,0,0
qwen/qwen3-14b,fever,607,Tehran was a British  racehorse who raced during World War II,SUPPORTS,0.9813633287450653,1,,medium,0.5,0,0,0
qwen/qwen3-14b,fever,755,The Saturn Award for Best Fantasy Film is given to the best imaginary cinematography,SUPPORTS,0.9602542667190327,1,,medium,0.5,0,0,0
google/gemma-4-26b-a4b-it,fever,241,Jonah Hill is certainly not an actor.,REFUTES,0.9999986141992664,1,,medium,0.5,0,0,0
google/gemma-4-26b-a4b-it,fever,1046,Elizabeth Olsen is a person and is a mayor.,REFUTES,0.9999992847459636,1,,medium,0.5,0,0,0
google/gemma-4-26b-a4b-it,fever,596,Superhuman abilities may result from human enhancement by genetic modification using CRISPR technology and abilities may result from human enhancement by nanotechnology.,NOT ENOUGH INFO,0.9999953641715272,1,,medium,0.5,0,0,0
google/gemma-4-26b-a4b-it,fever,12,The lead engineer of the iAPX 432 worked for Intel for 20 more years after it was introduced.,SUPPORTS,0.9812149411622025,1,,medium,0.5,0,0,0
google/gemma-4-26b-a4b-it,fever,30,There exists a lobbyist and physician that goes by the name of Ted Cruz.,NOT ENOUGH INFO,0.9999983045885273,1,,medium,0.5,0,0,0
google/gemma-4-26b-a4b-it,fever,363,The second largest sportswear manufacturer in the world also designs lingerie for women.,NOT ENOUGH INFO,0.9999979469675477,1,,medium,0.5,0,0,0
google/gemma-4-26b-a4b-it,fever,730,There exists a live action film called Toy Story 2.,REFUTES,0.9999986439993763,1,,medium,0.5,0,0,0
google/gemma-4-26b-a4b-it,fever,23,A View to a Kill is the third James Bond film directed by John Glen and released 3 years after 1999.,REFUTES,0.9999993741521682,1,,medium,0.5,0,0,0
google/gemma-4-26b-a4b-it,fever,366,There is a novel containing apples in a title that is a part of cultural movement that began hundred years after the early 1820s.,SUPPORTS,0.999990191087893,1,,medium,0.5,0,0,0
google/gemma-4-26b-a4b-it,fever,838,No university has more than 5 alumni who became U.S. presidents.,REFUTES,0.9998706130477658,1,,medium,0.5,0,0,0
google/gemma-4-26b-a4b-it,fever,967,"The First World War, also known as the Great War, started in Europe and lasted for 4 years.",SUPPORTS,0.9999985396901976,1,,medium,0.5,0,0,0
qwen/qwen3-14b,fever,654,"There is a stage director, they are called Catherine Hardwicke.",NOT ENOUGH INFO,0.969303113990859,1,,medium,0.5,0,0,0
qwen/qwen3-14b,fever,110,Andrew Carnegie has a 1889 article proclaiming ``The Gospel of Wealth'' and called on the rich to improve the upper society.,The Gospel of Wealth,0.9840043409716025,0,,medium,0.5,0,0,0
google/gemma-4-26b-a4b-it,fever,945,Only two nuclear energy accidents were given the maximum classification on the International Nuclear Event Scale.,SUPPORTS,0.9999972731138715,1,,medium,0.5,0,0,0
qwen/qwen3-14b,fever,945,Only two nuclear energy accidents were given the maximum classification on the International Nuclear Event Scale.,SUPPORTS,0.9971281038560794,1,,medium,0.5,0,0,0
qwen/qwen3-14b,fever,636,Curiosa is a member of the rock band the Cure.,REFUTES,0.891183992766228,1,,medium,0.5,0,0,0
qwen/qwen3-14b,fever,624,Quay had its first public exhibition in Manhattan,SUPPORTS,0.9824044983866931,1,,medium,0.5,0,0,0
google/gemma-4-26b-a4b-it,fever,1100,"There is a Latin word, it is called Aristocracy.",NOT ENOUGH INFO,0.9999969005982217,1,,medium,0.5,0,0,0
google/gemma-4-26b-a4b-it,fever,233,The english version of Quand nos bourgeons se rouvriront was translated by Tita Brand.,Not Enough Info,0.9999854424290798,1,,medium,0.5,0,0,0
google/gemma-4-26b-a4b-it,fever,734,There exists an American actress called Uta Hagan.,SUPPORTS,0.999998673803905,1,,medium,0.5,0,0,0
google/gemma-4-26b-a4b-it,fever,786,To Pimp a Butterfly was a creative work and refused to sell any copies in America until 2017.,REFUTES,0.9999979436532977,1,,medium,0.5,0,0,0
google/gemma-4-26b-a4b-it,fever,531,There exists a 2008 American newspaper called Milk.,NOT ENOUGH INFO,0.999995205213837,1,,medium,0.5,0,0,0
google/gemma-4-26b-a4b-it,fever,1044,The Originals (TV series) is based on English language broadcast television network that originated from the United States.,REFUTES,0.9999962002607895,1,,medium,0.5,0,0,0
google/gemma-4-26b-a4b-it,fever,598,Swordfish is a film that is about a somebody who is targeted for a crime conspiracy,SUPPORTS,0.9999983161803369,1,,medium,0.5,0,0,0
google/gemma-4-26b-a4b-it,fever,515,Tye Kayle Sheridan  is an American actor and playwright.,NOT ENOUGH INFO,0.9999906490792184,1,,medium,0.5,0,0,0
google/gemma-4-26b-a4b-it,fever,770,Physics is one of the older academic disciplines,SUPPORTS,0.9999990165260919,1,,medium,0.5,0,0,0
google/gemma-4-26b-a4b-it,fever,1025,"Brian Else also has produced many albums, most recently for bands such as the band, The Black Eyed Peas, as well as other artists as well as other bands and bands from all over the world...",NOT ENOUGH INFO,0.9999992185189164,1,,medium,0.5,0,0,0
google/gemma-4-26b-a4b-it,fever,124,Nate Diaz signed with the UFC in the year when subprime mortgage crisis happened in the United States.,NOT ENOUGH INFO,0.999984172865775,1,,medium,0.5,0,0,0
google/gemma-4-26b-a4b-it,fever,77,Coeliac disease may result in increased risk of cancer and is not treated by maintaining a gluten-free diet.,REFUTES,0.9999990463273097,1,,medium,0.5,0,0,0
google/gemma-4-26b-a4b-it,fever,645,John S. McCain Jr. was raised in the capital of the United States of America.,SUPPORTS,0.9999976307369068,1,,medium,0.5,0,0,0
google/gemma-4-26b-a4b-it,fever,1027,Antigua and Barbuda was named by Christopher Columbus after 1480.,FALSE,0.9312958986094771,0,,medium,0.5,0,0,0
google/gemma-4-26b-a4b-it,fever,244,There exists a religion that goes by the name of Birmingham.,REFUTES,0.9999992166263113,1,,medium,0.5,0,0,0
google/gemma-4-26b-a4b-it,fever,745,"Wildfang was founded in Portland, Oregon 5 years after 1996.",REFUTES,0.999996730290705,1,,medium,0.5,0,0,0
google/gemma-4-26b-a4b-it,fever,870,December is some other time than when The American actor that plays Chumlee was born.,SUPPORTS,0.9999994337565865,1,,medium,0.5,0,0,0
google/gemma-4-26b-a4b-it,fever,864,Colombiana is a French film shot in Paris.,NOT ENOUGH INFO,0.999994887339548,1,,medium,0.5,0,0,0
google/gemma-4-26b-a4b-it,fever,231,Probot had founder and frontman of the rock band Foo Fighters,Dave Grohl,0.9379626796747508,0,,medium,0.5,0,0,0
google/gemma-4-26b-a4b-it,fever,703,The Latvian Soviet Socialist Republic was a republic of the Soviet Union 5 years after 2007.,REFUTES,0.999997198605885,1,,medium,0.5,0,0,0
google/gemma-4-26b-a4b-it,fever,343,Elizabeth II became the longest-reigning queen more than 90 years after her father was married.,SUPPORTS,0.9999989782085777,1,,medium,0.5,0,0,0
google/gemma-4-26b-a4b-it,fever,47,Jason Bourne has American actress Julia Stiles as part of the cast among several other female actors.,NOT ENOUGH INFO,0.9998210001873434,1,,medium,0.5,0,0,0
google/gemma-4-26b-a4b-it,fever,723,There exists a public school that goes by the name of PBS.,NOT ENOUGH INFO,0.9999996026359896,1,,medium,0.5,0,0,0
google/gemma-4-26b-a4b-it,fever,254,"There was a structural failure, it was called Vampire Academy.",NOT ENOUGH INFO,0.9999993907091502,1,,medium,0.5,0,0,0
qwen/qwen3-14b,fever,566,Scipio Africanus  was a slave born to unknown parents from West Africa,SUPPORTS,0.9902855394936453,1,,medium,0.5,0,0,0
google/gemma-4-26b-a4b-it,fever,314,"The person best known for co-creating  a musical comedy about two young Mormon missionaries who travel to Africa to preach the Mormon religion was born February 2, 1975",REFUTES,0.9999963641689316,1,,medium,0.5,0,0,0
qwen/qwen3-14b,fever,314,"The person best known for co-creating  a musical comedy about two young Mormon missionaries who travel to Africa to preach the Mormon religion was born February 2, 1975",REFUTES,0.9478302417824478,1,,medium,0.5,0,0,0
qwen/qwen3-14b,fever,909,"There is a novel, it is called The Big Country.",REFUTES,0.9857915213913927,1,,medium,0.5,0,0,0
google/gemma-4-26b-a4b-it,fever,356,Oscar Isaac was the main character in Star Wars: The Force Awakens and was featured in Star Wars: The Force Awakens.,NOT ENOUGH INFO,0.9670688356238958,1,,medium,0.5,0,0,0
google/gemma-4-26b-a4b-it,fever,924,Andrew Moray led an uprising against profession in 1297,NOT ENOUGH INFO,0.999994648953585,1,,medium,0.5,0,0,0
qwen/qwen3-14b,fever,956,There exists no episode of a TV series called The Challenge XXX: Dirty 30.,SUPPORTS,0.9881445751890581,1,,medium,0.5,0,0,0
qwen/qwen3-14b,fever,497,Chris Bosh enjoys playing against Oklahoma City Thunder and won his first NBA Finals title between 2010 and 2014.,NOT ENOUGH INFO,0.9674234392846477,1,,medium,0.5,0,0,0
google/gemma-4-26b-a4b-it,fever,359,"There was an American singer, most famous for his album 'Graduation' called Sonny Bono.",NOT ENOUGH INFO,0.9999937615063468,1,,medium,0.5,0,0,0
google/gemma-4-26b-a4b-it,fever,115,Milk is not an American movie from 2008.,REFUTES,0.9999942035813006,1,,medium,0.5,0,0,0
google/gemma-4-26b-a4b-it,fever,851,Hoosier State is an Amtrak passenger train,SUPPORTS,0.999999225141643,1,,medium,0.5,0,0,0
google/gemma-4-26b-a4b-it,fever,86,The 100 is a TV series following a group of adolescents,SUPPORTS,0.9999987334040724,1,,medium,0.5,0,0,0
google/gemma-4-26b-a4b-it,fever,1055,The area of Lunda Norte Province is larger than the area of Nyamapanda.,SUPPORTS,0.9999994039543572,1,,medium,0.5,0,0,0
google/gemma-4-26b-a4b-it,fever,1081,Several awards have been given to Bala for his labor,SUPPORTS,0.999997121974829,1,,medium,0.5,0,0,0
google/gemma-4-26b-a4b-it,fever,984,There is not a brand of hot dog called Sarah Hyland.,SUPPORTS,0.9999997466803815,1,,medium,0.5,0,0,0
qwen/qwen3-14b,fever,740,There exists a 2000 page novel called The Winds of Winter.,NOT ENOUGH INFO,0.9907733704430051,1,,medium,0.5,0,0,0
google/gemma-4-26b-a4b-it,fever,334,There is an American author with five kids called Dan Brown.,NOT ENOUGH INFO,0.9999981588926546,1,,medium,0.5,0,0,0
qwen/qwen3-14b,fever,1113,There exists an episode of a TV series called The Challenge XXX: Dirty 30.,REFUTES,0.9877823498523202,1,,medium,0.5,0,0,0
qwen/qwen3-14b,fever,438,There exists a theory that consists of a city and its dependent territories called Vatican City.,REFUTES,0.9671023130671556,1,,medium,0.5,0,0,0
qwen/qwen3-14b,fever,1109,The Woman in Black was abandoned by Hammer Film Productions before 2020 in favor of working on Freddie vs. Jason.,REFUTES,0.9583776065526659,1,,medium,0.5,0,0,0
qwen/qwen3-14b,fever,142,The daughter of Frank Murkowski won a Senate election in Alaska after it was purchased from Russia.,SUPPORTS,0.9969315765227658,1,,medium,0.5,0,0,0
google/gemma-4-26b-a4b-it,fever,1096,Internet access is required to access Facebook and servers and access started in the United States of America.,NOT ENOUGH INFO,0.9999979602112951,1,,medium,0.5,0,0,0
qwen/qwen3-14b,fever,1029,Nawaz Sharif is not a German politician.,,0.0,0,'NoneType' object is not subscriptable,medium,0.5,0,0,0
qwen/qwen3-14b,fever,726,Asylum Records is the most profitable American record label of the twentieth century founded by two people.,NOT ENOUGH INFO,0.9896227309271336,1,,medium,0.5,0,0,0
google/gemma-4-26b-a4b-it,fever,277,"Black recording is an original technique with a machine which processes its contents in a fixed graphic, converting it from analog to digital, then to a digital system to form tones.",REFUTES,0.9999994635587406,1,,medium,0.5,0,0,0
qwen/qwen3-14b,fever,277,"Black recording is an original technique with a machine which processes its contents in a fixed graphic, converting it from analog to digital, then to a digital system to form tones.",REFUTES,0.9841893938979026,1,,medium,0.5,0,0,0
qwen/qwen3-14b,fever,1169,One of Macklemore's singles was number one in Canada in the 2010s.,NOT ENOUGH INFO,0.9900523774136183,1,,medium,0.5,0,0,0
qwen/qwen3-14b,fever,617,"There exists a director, it goes by the name of Simon Pegg.",NOT ENOUGH INFO,0.9888887924405173,1,,medium,0.5,0,0,0
qwen/qwen3-14b,fever,734,There exists an American actress called Uta Hagan.,SUPPORTS,0.9766805764203043,1,,medium,0.5,0,0,0
google/gemma-4-26b-a4b-it,fever,763,Johan Cruyff is widely regarded as the greatest player of the past century.,NOT ENOUGH INFO,0.9999918940572151,1,,medium,0.5,0,0,0
qwen/qwen3-14b,fever,763,Johan Cruyff is widely regarded as the greatest player of the past century.,NOT ENOUGH INFO,0.9667157800466288,1,,medium,0.5,0,0,0
qwen/qwen3-14b,fever,786,To Pimp a Butterfly was a creative work and refused to sell any copies in America until 2017.,REFUTES,0.9538691269932489,1,,medium,0.5,0,0,0
qwen/qwen3-14b,fever,516,There exists a sports comedy theater play that goes by the name of DodgeBall: A True Underdog Story.,NOT ENOUGH INFO,0.9898752638418209,1,,medium,0.5,0,0,0
qwen/qwen3-14b,fever,657,"The 67th United States Secretary of State after graduating from Yale Law became a Senator for New York, where Fort Nassau was built a few hundred years earlier.",Hillary Clinton,0.9209699131677214,0,,medium,0.5,0,0,0
qwen/qwen3-14b,fever,531,There exists a 2008 American newspaper called Milk.,NOT ENOUGH INFO,0.9337895124702956,1,,medium,0.5,0,0,0
google/gemma-4-26b-a4b-it,fever,535,There existed a stand-up comedian called Estelle Getty.,NOT ENOUGH INFO,0.9999969270900216,1,,medium,0.5,0,0,0
google/gemma-4-26b-a4b-it,fever,324,The Woman in Black was abandoned by Hammer Film Productions after 2000 in favor of working on Freddie vs. Jason.,REFUTES,0.9999989569212686,1,,medium,0.5,0,0,0
google/gemma-4-26b-a4b-it,fever,853,There exists a businessman and was on television that goes by the name of The American actor that plays Chumlee.,SUPPORTS,0.999999097416766,1,,medium,0.5,0,0,0
google/gemma-4-26b-a4b-it,fever,385,Goldie Hawn was always passed over for Academy Award nominations and had a career that lasted more than three decades.,REFUTES,0.9987735352316346,1,,medium,0.5,0,0,0
google/gemma-4-26b-a4b-it,fever,141,Southampton F.C. came in second in the First Division in the 1980s -- 1984.,SUPPORTS,0.9998413255417918,1,,medium,0.5,0,0,0
google/gemma-4-26b-a4b-it,fever,541,There exists a Australian politician that goes by the name of Mamata Banerjee.,REFUTES,0.9999998360872838,1,,medium,0.5,0,0,0
google/gemma-4-26b-a4b-it,fever,123,There exists a long running television series called SpongeBob SquarePants.,YES,0.9568290547349044,0,,medium,0.5,0,0,0
google/gemma-4-26b-a4b-it,fever,187,"Camden, New Jersey is the home of a school that was founded as the South Jersey Law School between 1925 and 1927.",SUPPORTS,0.9999986738022556,1,,medium,0.5,0,0,0
google/gemma-4-26b-a4b-it,fever,545,"Darris Love was created by creator/executive producer/composer/musician, David S. Goyer, in conjunction with the production company, Whedon Productions.",REFUTES,0.9999994550437393,1,,medium,0.5,0,0,0
google/gemma-4-26b-a4b-it,fever,671,"Babur was born at some other time than May 14, 1783.",SUPPORTS,0.9999995380643726,1,,medium,0.5,0,0,0
google/gemma-4-26b-a4b-it,fever,308,Topman belongs to a British multinational retailing company and is part of a retailing company.,NOT ENOUGH INFO,0.9999956025832765,1,,medium,0.5,0,0,0
google/gemma-4-26b-a4b-it,fever,340,The area of Nove is larger than the area of Nandurbar district.,REFUTES,0.9999815578083664,1,,medium,0.5,0,0,0
qwen/qwen3-14b,fever,225,There is not a state that goes by the name of Estonia.,,0.0,0,'NoneType' object is not subscriptable,medium,0.5,0,0,0
google/gemma-4-26b-a4b-it,fever,1059,Peyton Manning won the SEC Championship after his younger brother was drafted.,REFUTES,0.9999979436534958,1,,medium,0.5,0,0,0
google/gemma-4-26b-a4b-it,fever,274,Talulah Riley appeared in a 2007 British comedy film and the sixth in a long-running series of British films based on the works of cartoonist Ronald Searle,SUPPORTS,0.9999983310795146,1,,medium,0.5,0,0,0
google/gemma-4-26b-a4b-it,fever,713,Sayyeshaa was in a movie directed by a person whose film Tagore was screened at the 2006 IIFA Awards held in Dubai.,NOT ENOUGH INFO,0.9999035655094237,1,,medium,0.5,0,0,0
google/gemma-4-26b-a4b-it,fever,304,There is an architect called Faye Resnick.,NOT ENOUGH INFO,0.9999992450088979,1,,medium,0.5,0,0,0
google/gemma-4-26b-a4b-it,fever,555,Bea Arthur was married to a person who won the 1966 Tony Award for Best Featured Actress in a Musical for playing Vera Charles in Mame.,NOT ENOUGH INFO,0.9999969933140572,1,,medium,0.5,0,0,0
qwen/qwen3-14b,fever,555,Bea Arthur was married to a person who won the 1966 Tony Award for Best Featured Actress in a Musical for playing Vera Charles in Mame.,,0.0,0,'NoneType' object is not subscriptable,medium,0.5,0,0,0
google/gemma-4-26b-a4b-it,fever,428,"There exists a 1964 American independent horror film, it goes by the name of Night of the Living Dead.",YES,0.9951607312694272,0,,medium,0.5,0,0,0
google/gemma-4-26b-a4b-it,fever,476,There does not exist a biographical romantic drama film called A United Kingdom.,REFUTES,0.9999997764826799,1,,medium,0.5,0,0,0
google/gemma-4-26b-a4b-it,fever,291,"Road House an action film by Hollywood director and writer currently residing in Rochester , New York.",REFUTES,0.9999945335071392,1,,medium,0.5,0,0,0
google/gemma-4-26b-a4b-it,fever,1089,Prague's historic center was first included in the UNESCO list of World Heritage Sites 3 years after 1989.,SUPPORTS,0.9999991485064573,1,,medium,0.5,0,0,0
google/gemma-4-26b-a4b-it,fever,588,There did not exist a web browser called Netscape Navigator.,REFUTES,0.999999657273623,1,,medium,0.5,0,0,0
google/gemma-4-26b-a4b-it,fever,526,"February 14th, 1860 is some other time than when Simon Pegg was born.",SUPPORTS,0.9999997168781204,1,,medium,0.5,0,0,0
google/gemma-4-26b-a4b-it,fever,426,"Raudeberg is also located on the northeastern edge of the island of Silda, on the shore of the bay of Silda.",REFUTES,0.9999256848007749,1,,medium,0.5,0,0,0
google/gemma-4-26b-a4b-it,fever,436,Norman Bates is from the novel Harry Potter and is main antagonist in Psycho.,REFUTES,0.999999829701068,1,,medium,0.5,0,0,0
qwen/qwen3-14b,fever,404,"There is a German, they are called Shannon Lee.",NOT ENOUGH INFO,0.975589745329828,1,,medium,0.5,0,0,0
qwen/qwen3-14b,fever,752,"There existed a landscape painter, it was called Bob Ross.",Bob Ross,0.9863385325520222,0,,medium,0.5,0,0,0
qwen/qwen3-14b,fever,708,The Brat Pack is certainly not a nickname given to a group of young actors who appeared together in films during the 1980s.,REFUTES,0.953955014440345,1,,medium,0.5,0,0,0
qwen/qwen3-14b,fever,1130,"There is a director, Steven Spielberg, who was not involved in the production of Spider-Man 2.",SUPPORTS,0.947567014255503,1,,medium,0.5,0,0,0
google/gemma-4-26b-a4b-it,fever,914,There is a bar called The Catcher in the Rye.,REFUTES,0.9999844355496422,1,,medium,0.5,0,0,0
qwen/qwen3-14b,fever,1103,Charles Howard Hinton wasn't a math expert from Britain.,REFUTES,0.9025722765517417,1,,medium,0.5,0,0,0
qwen/qwen3-14b,fever,417,The Hunger Games film series' first film is definitely not directed by a gorilla.,SUPPORTS,0.9529535843851006,1,,medium,0.5,0,0,0
qwen/qwen3-14b,fever,709,Kellyanne Conway did not publicly endorsed the daughter of the 45th president of The United States of America.,NOT ENOUGH INFO,0.9697344326565228,1,,medium,0.5,0,0,0
qwen/qwen3-14b,fever,1100,"There is a Latin word, it is called Aristocracy.",NOT ENOUGH INFO,0.9875841892458378,1,,medium,0.5,0,0,0
qwen/qwen3-14b,fever,753,Ex-wife of a person who founded eBay appeared in St Trinian's.,NOT ENOUGH INFO,0.9936718951833605,1,,medium,0.5,0,0,0
qwen/qwen3-14b,fever,121,Elizabeth II became queen the same year her father died.,SUPPORTS,0.9271322086417384,1,,medium,0.5,0,0,0
google/gemma-4-26b-a4b-it,fever,94,The Catcher in the Rye is definitely not a movie script.,SUPPORTS,0.9999997466803913,1,,medium,0.5,0,0,0
qwen/qwen3-14b,fever,94,The Catcher in the Rye is definitely not a movie script.,SUPPORTS,0.9850427633530424,1,,medium,0.5,0,0,0
qwen/qwen3-14b,fever,1047,French Indochina was a grouping of French colonial territories in the hottest years of the twentieth century.,NOT ENOUGH INFO,0.9848012791727365,1,,medium,0.5,0,0,0
qwen/qwen3-14b,fever,1051,The area of Lunda Norte Province is larger than the area of Teterow.,SUPPORTS,0.9739861523053653,1,,medium,0.5,0,0,0
qwen/qwen3-14b,fever,1151,A View to a Kill is the third James Bond film directed by John Glen and released before 1980.,REFUTES,0.9853388110042469,1,,medium,0.5,0,0,0
qwen/qwen3-14b,fever,233,The english version of Quand nos bourgeons se rouvriront was translated by Tita Brand.,Not Enough Info,0.9706623415548479,1,,medium,0.5,0,0,0
qwen/qwen3-14b,fever,433,A.C. Milan was founded before its former owner of 31 years was born.,SUPPORTS,0.9238177358208257,1,,medium,0.5,0,0,0
google/gemma-4-26b-a4b-it,fever,617,"There exists a director, it goes by the name of Simon Pegg.",NOT ENOUGH INFO,0.9997872509723231,1,,medium,0.5,0,0,0
qwen/qwen3-14b,fever,39,The area of Marondera High School is larger than the area of the Dominican Republic.,REFUTES,0.9076404254336002,1,,medium,0.5,0,0,0
qwen/qwen3-14b,fever,562,"There is a philosopher, who thought his work has the same impact on philosophy as the publication of De revolutionibus orbium coelestium had on science.",Kant,0.993925362772016,0,,medium,0.5,0,0,0
qwen/qwen3-14b,fever,25,"Daniel Craig took over the role of James Bond from the previous actor, who appeared in Mrs. Doubtfire before Craig graduated from drama school.",,0.0,0,Request timed out.,medium,0.5,0,0,0
qwen/qwen3-14b,fever,535,There existed a stand-up comedian called Estelle Getty.,NOT ENOUGH INFO,0.9999996688636447,1,,medium,0.5,0,0,0
qwen/qwen3-14b,fever,779,Grease wasn't a cinematic work.,REFUTES,0.9162282946082028,1,,medium,0.5,0,0,0
qwen/qwen3-14b,fever,1104,"There existed a critical failure with 20% on Rotten Tomatoes, it went by the name of Vampire Academy.",Vampire Academy,0.9941282845082551,0,,medium,0.5,0,0,0
qwen/qwen3-14b,fever,336,Thomas Jefferson helped to organize a political party which became a formal party during the second term of U.S president Andrew Jackson.,Democratic Party,0.9858738066546754,0,,medium,0.5,0,0,0
qwen/qwen3-14b,fever,860,There is not a type of storm that goes by the name of A thunderstorm.,,0.0,0,"no JSON object in model text (preview 'm.\n{\n\n"":{""\n\n    :"""", \n\n    ""answer"": ""REFUTES""\n\n}'…)",medium,0.5,0,0,0
qwen/qwen3-14b,fever,423,"There exists a type of super storm, it goes by the name of A thunderstorm.",supercell,0.9943851267553689,0,,medium,0.5,0,0,0
qwen/qwen3-14b,fever,297,Queen Elizabeth was born after her father became Duke of York.,,0.0,0,"no JSON object in model text (preview 't.\n{\n\n"":{""\n\n    :"""",  ""answer"": ""SUPPORTS""  }'…)",medium,0.5,0,0,0
qwen/qwen3-14b,fever,1052,1934 is not the approximate time at which the person Dawood Ibrahim was born.,,0.0,0,"no JSON object in model text (preview 't.\n{\n\n"":{"":""SUPPORTS""}'…)",medium,0.5,0,0,0
qwen/qwen3-14b,fever,1116,The Master Race is a 1944 American drama film.,SUPPORTS,0.9892926797285876,1,,medium,0.5,0,0,0
qwen/qwen3-14b,fever,276,T2 Trainspotting is directed by someone whose debut film Slumdog Millionaire won the BAFTA Award for Best British Film,REFUTES,0.9604774553400922,1,,medium,0.5,0,0,0
qwen/qwen3-14b,fever,439,"March 14th, 1970 is some other time than when Simon Pegg was born.",SUPPORTS,0.9212638022007661,1,,medium,0.5,0,0,0
qwen/qwen3-14b,fever,376,"Lucy Hale was in a series that was a spin-off of American Idol , but with younger contestants , and had the same production team as American Idol.",American Idol: The Search for a Superstar,0.995248138794916,0,,medium,0.5,0,0,0
qwen/qwen3-14b,fever,1022,Taran Killam is a comedian and is a stage actor.,NOT ENOUGH INFO,0.9658924646159671,1,,medium,0.5,0,0,0
qwen/qwen3-14b,fever,1000,Chris Bosh won his first NBA Finals title after 2020.,REFUTES,0.9482098800094947,1,,medium,0.5,0,0,0
google/gemma-4-26b-a4b-it,fever,865,Sherilyn_Fenn came to attention for her performance as Audrey Horne created by Christopher Nolan,REFUTES,0.999999267715689,1,,medium,0.5,0,0,0
google/gemma-4-26b-a4b-it,fever,1115,Colin Kaepernick is a person who plays soccer,NOT ENOUGH INFO,0.9810821096907247,1,,medium,0.5,0,0,0
google/gemma-4-26b-a4b-it,fever,716,"There is an Italian professional footballer from New jersey, they are called Andrea Pirlo.",NOT ENOUGH INFO,0.9999777499351092,1,,medium,0.5,0,0,0
qwen/qwen3-14b,fever,645,John S. McCain Jr. was raised in the capital of the United States of America.,SUPPORTS,0.9896621716084483,1,,medium,0.5,0,0,0
qwen/qwen3-14b,fever,459,There exists a volleyball player called Laura Robson.,,0.0,0,"no JSON object in model text (preview 'd.\n{\n\n"":{""\n\n    :""answer""  , ""REFUTES""  :  ""REFUTES""  ,  ""REFUTES""  :  ""REFUTES""  ,  ""REFUTES""  :  ""REFUTES""  ,  ""REFUTES""  :  ""REFUTES""  ,  ""REFUTES""  :  ""REFUTES""  ,  ""REFUTES""  :  ""REFUTES""  ,  ""REFUTES""  :  ""REFUTES""  ,  ""REFUTES""  :  ""REFUTES""  ,  ""REFUTES""  :  ""REFUTES""  , '…)",medium,0.5,0,0,0
qwen/qwen3-14b,fever,925,"There exists an embodiment of cultism called Sacre-Coeur, Paris.",NOT ENOUGH INFO,0.990285954500544,1,,medium,0.5,0,0,0
qwen/qwen3-14b,fever,251,"There existed an attempt to incorporate Cyprus into Greece, it was called There.",Enosis,0.9888352655671194,0,,medium,0.5,0,0,0
qwen/qwen3-14b,fever,545,"Darris Love was created by creator/executive producer/composer/musician, David S. Goyer, in conjunction with the production company, Whedon Productions.",REFUTES,0.9375250380076545,1,,medium,0.5,0,0,0
qwen/qwen3-14b,fever,84,1970 is the approximate time at which the person Eric Bana started living.,REFUTES,0.9373482819133968,1,,medium,0.5,0,0,0
qwen/qwen3-14b,fever,671,"Babur was born at some other time than May 14, 1783.",SUPPORTS,0.9319164206260636,1,,medium,0.5,0,0,0
qwen/qwen3-14b,fever,1027,Antigua and Barbuda was named by Christopher Columbus after 1480.,SUPPORTS,0.9826907209149651,1,,medium,0.5,0,0,0
qwen/qwen3-14b,fever,244,There exists a religion that goes by the name of Birmingham.,"Birmingham is a city, not a religion.",0.9854768111176201,0,,medium,0.5,0,0,0
qwen/qwen3-14b,fever,107,The area of Phulambri is larger than the area of Province of Córdoba -LRB-Spain-RRB-.,REFUTES,0.8966890210018128,1,,medium,0.5,0,0,0
qwen/qwen3-14b,fever,1012,There does not exist a religion called Birmingham.,SUPPORTS,0.954633228928409,1,,medium,0.5,0,0,0
qwen/qwen3-14b,fever,828,The Hanford Site hosts the LIGO Hanford Observatory which detects gravitational tides,LIGO Hanford Observatory,0.9935110990658347,0,,medium,0.5,0,0,0
qwen/qwen3-14b,fever,401,Terry Crews played professional football in the year when Pakistan won the Cricket world cup.,NOT ENOUGH INFO,0.9548971015006309,1,,medium,0.5,0,0,0
qwen/qwen3-14b,fever,609,Ralph Fults was associated with the musical body the Barrow Gang,REFUTES,0.9708733224242949,1,,medium,0.5,0,0,0
qwen/qwen3-14b,fever,69,The area of Ladwa is larger than the area of Niğde Province.,,0.0,0,"no JSON object in model text (preview '"".\n{\n\n"":{"": ""REFUTES""}'…)",medium,0.5,0,0,0
qwen/qwen3-14b,fever,831,There exists a drag race racing team called Red Bull Racing.,NOT ENOUGH INFO,0.9925878901905709,1,,medium,0.5,0,0,0
qwen/qwen3-14b,fever,340,The area of Nove is larger than the area of Nandurbar district.,REFUTES,0.9327909580608544,1,,medium,0.5,0,0,0
qwen/qwen3-14b,fever,628,Delino DeShields played major league baseball before his son was born.,SUPPORTS,0.9543845560238783,1,,medium,0.5,0,0,0
google/gemma-4-26b-a4b-it,fever,22,"The area of Nerva, Spain is larger than the area of Madhya Pradesh.",REFUTES,0.9999996423723719,1,,medium,0.5,0,0,0
qwen/qwen3-14b,fever,22,"The area of Nerva, Spain is larger than the area of Madhya Pradesh.",REFUTES,0.9521328498517628,1,,medium,0.5,0,0,0
qwen/qwen3-14b,fever,745,"Wildfang was founded in Portland, Oregon 5 years after 1996.",REFUTES,0.9235451281464845,1,,medium,0.5,0,0,0
qwen/qwen3-14b,fever,870,December is some other time than when The American actor that plays Chumlee was born.,SUPPORTS,0.983033683162266,1,,medium,0.5,0,0,0
qwen/qwen3-14b,fever,504,The Woman in Black was abandoned by Hammer Film Productions in the second-decade of the twenty-first century in favor of working on Freddie vs. Jason.,REFUTES,0.9697950243453182,1,,medium,0.5,0,0,0
qwen/qwen3-14b,fever,864,Colombiana is a French film shot in Paris.,NOT ENOUGH INFO,0.9646707225733799,1,,medium,0.5,0,0,0
qwen/qwen3-14b,fever,847,There is a 1998 TV series called Practical Magic.,NOT ENOUGH INFO,0.975403499992411,1,,medium,0.5,0,0,0
google/gemma-4-26b-a4b-it,fever,900,The Winds of Winter is an epic fantasy novel and is the eighth book in a series.,REFUTES,0.9999755645678783,1,,medium,0.5,0,0,0
qwen/qwen3-14b,fever,900,The Winds of Winter is an epic fantasy novel and is the eighth book in a series.,REFUTES,0.9463942087839152,1,,medium,0.5,0,0,0
qwen/qwen3-14b,fever,592,There exists a giant actress that goes by the name of Aubrey Anderson-Emmons.,NOT ENOUGH INFO,0.9916963878348163,1,,medium,0.5,0,0,0
qwen/qwen3-14b,fever,457,Chris Bosh won his first NBA Finals title before 2000 against Oklahoma City Thunder.,REFUTES,0.9575210924193875,1,,medium,0.5,0,0,0
qwen/qwen3-14b,fever,231,Probot had founder and frontman of the rock band Foo Fighters,SUPPORTS,0.9673632594764645,1,,medium,0.5,0,0,0
qwen/qwen3-14b,fever,898,John Deighton was forced to pursue work and worked a parcel of land that had gold.,NOT ENOUGH INFO,0.9562507269354175,1,,medium,0.5,0,0,0
qwen/qwen3-14b,fever,703,The Latvian Soviet Socialist Republic was a republic of the Soviet Union 5 years after 2007.,REFUTES,0.9098679334219416,1,,medium,0.5,0,0,0
qwen/qwen3-14b,fever,343,Elizabeth II became the longest-reigning queen more than 90 years after her father was married.,SUPPORTS,0.9627593546247606,1,,medium,0.5,0,0,0
qwen/qwen3-14b,fever,1059,Peyton Manning won the SEC Championship after his younger brother was drafted.,REFUTES,0.9598428155068641,1,,medium,0.5,0,0,0
qwen/qwen3-14b,fever,721,The Brat Pack is a type of name given to a panel,SUPPORTS,0.9887735271303457,1,,medium,0.5,0,0,0
qwen/qwen3-14b,fever,764,The Challenge XXX: Dirty 30 is certainly not a season in a television series from the United States.,SUPPORTS,0.9679272060444438,1,,medium,0.5,0,0,0
google/gemma-4-26b-a4b-it,fever,589,There exists a television series called Younger.,SUPPORTS,0.9999962194102894,1,,medium,0.5,0,0,0
qwen/qwen3-14b,fever,589,There exists a television series called Younger.,Yes,0.9901890466220081,0,,medium,0.5,0,0,0
qwen/qwen3-14b,fever,413,Shut Up is not a title.,REFUTES,0.9856213253722793,1,,medium,0.5,0,0,0
qwen/qwen3-14b,fever,274,Talulah Riley appeared in a 2007 British comedy film and the sixth in a long-running series of British films based on the works of cartoonist Ronald Searle,St Trinian's: The Last in Line,0.975681506932726,0,,medium,0.5,0,0,0
qwen/qwen3-14b,fever,713,Sayyeshaa was in a movie directed by a person whose film Tagore was screened at the 2006 IIFA Awards held in Dubai.,NOT ENOUGH INFO,0.9942639282001267,1,,medium,0.5,0,0,0
qwen/qwen3-14b,fever,1042,Margaret Thatcher was the most respected politician within the Conservative Party in the UK between 1973 and 1977.,NOT ENOUGH INFO,0.9936100829670186,1,,medium,0.5,0,0,0
qwen/qwen3-14b,fever,935,"Simi Valley, California, reported a median household income of $87,894 5 years after 2007.",SUPPORTS,0.9851505188376405,1,,medium,0.5,0,0,0
qwen/qwen3-14b,fever,472,One Dance reached number one in the Netherlands between 2006 and 2014.,REFUTES,0.9630256913366944,1,,medium,0.5,0,0,0
google/gemma-4-26b-a4b-it,fever,511,"There is a well-known performance, it is called The Gettysburg Address.",NOT ENOUGH INFO,0.9999924370865697,1,,medium,0.5,0,0,0
qwen/qwen3-14b,fever,47,Jason Bourne has American actress Julia Stiles as part of the cast among several other female actors.,NOT ENOUGH INFO,0.9548933928570562,1,,medium,0.5,0,0,0
google/gemma-4-26b-a4b-it,fever,316,There exists no remix album called Reanimation called There.,REFUTES,0.9999964918795602,1,,medium,0.5,0,0,0
qwen/qwen3-14b,fever,316,There exists no remix album called Reanimation called There.,REFUTES,0.9010581468731189,1,,medium,0.5,0,0,0
google/gemma-4-26b-a4b-it,fever,136,One of Macklemore's singles was number one in Canada 2 years after 2008.,NOT ENOUGH INFO,0.9999982648539562,1,,medium,0.5,0,0,0
qwen/qwen3-14b,fever,136,One of Macklemore's singles was number one in Canada 2 years after 2008.,NOT ENOUGH INFO,0.9928382841513963,1,,medium,0.5,0,0,0
qwen/qwen3-14b,fever,122,"Kullervo is a peninsula on the Baltic sea, to the east of the Gulf of Finland and to the south of the Gulf of Finland and has a coastline of Sweden, Finland, Norway, the north of Finland, and Russia.",REFUTES,0.9788122485179833,1,,medium,0.5,0,0,0
qwen/qwen3-14b,fever,1046,Elizabeth Olsen is a person and is a mayor.,REFUTES,0.9652645877756475,1,,medium,0.5,0,0,0
qwen/qwen3-14b,fever,356,Oscar Isaac was the main character in Star Wars: The Force Awakens and was featured in Star Wars: The Force Awakens.,NOT ENOUGH INFO,0.9926761897378655,1,,medium,0.5,0,0,0
google/gemma-4-26b-a4b-it,fever,1041,"Sensitive Skin's first series aired on a network that is headquartered on Columbus Avenue and West 66th Street in Manhattan , New York City",SUPPORTS,0.9999985694933624,1,,medium,0.5,0,0,0
google/gemma-4-26b-a4b-it,fever,1038,Key & Peele has won a Peabody Award and has won two Primetime Emmy Awards as of 2004.,REFUTES,0.9999996934620312,1,,medium,0.5,0,0,0
google/gemma-4-26b-a4b-it,fever,1093,There does not exist a phone called Agent Raghav – Crime Branch.,SUPPORTS,0.9999021270879839,1,,medium,0.5,0,0,0
google/gemma-4-26b-a4b-it,fever,132,Artpop was Gaga's second consecutive number-one record in the United States in 2013.,NOT ENOUGH INFO,0.9999936158575823,1,,medium,0.5,0,0,0
google/gemma-4-26b-a4b-it,fever,10,Fabian Nicieza worked on X-men in the years preceding and following the dotcom bubble.,NOT ENOUGH INFO,0.9999901722933474,1,,medium,0.5,0,0,0
google/gemma-4-26b-a4b-it,fever,569,Skopje wasn't a main city from 972 and 992.,SUPPORTS,0.9999996572735973,1,,medium,0.5,0,0,0
google/gemma-4-26b-a4b-it,fever,580,Weill Cornell Medicine has not tales of being tied to the field of education,REFUTES,0.9999990292986457,1,,medium,0.5,0,0,0
google/gemma-4-26b-a4b-it,fever,522,There exists a store called Spider-Man 2.,REFUTES,0.9999947846873392,1,,medium,0.5,0,0,0
google/gemma-4-26b-a4b-it,fever,1122,There was a kingdom in the Caucasus and they are significant called Georgians arose from a place that.,NOT ENOUGH INFO,0.9999961986122315,1,,medium,0.5,0,0,0
qwen/qwen3-14b,fever,436,Norman Bates is from the novel Harry Potter and is main antagonist in Psycho.,REFUTES,0.905251875010985,1,,medium,0.5,0,0,0
qwen/qwen3-14b,fever,1026,Artocarpus sericarpus is first discovered in 1959.,Not Enough Info,0.984376840451799,1,,medium,0.5,0,0,0
qwen/qwen3-14b,fever,193,The area of Province of Jaén -LRB-Spain-RRB- is larger than the area of Amravati.,SUPPORTS,0.9750430722847575,1,,medium,0.5,0,0,0
qwen/qwen3-14b,fever,1096,Internet access is required to access Facebook and servers and access started in the United States of America.,NOT ENOUGH INFO,0.9784298328028619,1,,medium,0.5,0,0,0
qwen/qwen3-14b,fever,445,"Stanisław Murzynowski became a member of the state council and divided administrative subdivisions of Poland, covering most of the territory with mostly rural population.",NOT ENOUGH INFO,0.9739798556731967,1,,medium,0.5,0,0,0
qwen/qwen3-14b,fever,270,The area of Madhya Pradesh is larger than the area of Hòn Đất District.,SUPPORTS,0.9388171215133452,1,,medium,0.5,0,0,0
qwen/qwen3-14b,fever,642,There exists a genre of music called Benzodiazepine.,REFUTES,0.8899095447710885,1,,medium,0.5,0,0,0
qwen/qwen3-14b,fever,443,"James, Viscount Severn has no relation to the youngest of four children and the third son of Queen Elizabeth II and Prince Philip, Duke of Edinburgh.",REFUTES,0.9445969784583341,1,,medium,0.5,0,0,0
qwen/qwen3-14b,fever,138,There is not a separatist terrorist that goes by the name of Dawood Ibrahim.,SUPPORTS,0.9858855443802075,1,,medium,0.5,0,0,0
qwen/qwen3-14b,fever,1119,"There exists a song that Lynyrd Skynyrd wrote in reply to Neil Young's song Alabama, it goes by the name of Sweet Home Alabama.",Sweet Home Alabama,0.9827371687039979,0,,medium,0.5,0,0,0
qwen/qwen3-14b,fever,914,There is a bar called The Catcher in the Rye.,REFUTES,0.960347488647341,1,,medium,0.5,0,0,0
qwen/qwen3-14b,fever,246,"CCJO René Cassin was recognized by the Egyptians, the Greeks and the Romans from ancient times, and the Romans adopted the term as their official name.",REFUTES,0.945026317208534,1,,medium,0.5,0,0,0
qwen/qwen3-14b,fever,463,The current Duke of York has remained unmarried since his 1996 divorce,Yes,0.9361385740469516,0,,medium,0.5,0,0,0
qwen/qwen3-14b,fever,731,There is a movie called Barbarella which is not directed by Roger Vadim.,,0.0,0,"no JSON object in model text (preview '}.\n{\n\n"":{"": ""REFUTES""}'…)",medium,0.5,0,0,0
qwen/qwen3-14b,fever,653,The 66th Primetime Emmy Awards was hosted by an Iraqi comedian born before 1930.,REFUTES,0.9100539918159091,1,,medium,0.5,0,0,0
qwen/qwen3-14b,fever,339,Chris Bosh won his first NBA Finals title in the first-decade of the twenty-first century.,REFUTES,0.9507287626033637,1,,medium,0.5,0,0,0
qwen/qwen3-14b,fever,71,Kendall Jenner is a spokesperson and is a model.,NOT ENOUGH INFO,0.9772463501997005,1,,medium,0.5,0,0,0
qwen/qwen3-14b,fever,706,"Stomp the Yard stars an American actress born in an hospital on the 8th of August ,1981.",NOT ENOUGH INFO,0.9964903308955632,1,,medium,0.5,0,0,0
qwen/qwen3-14b,fever,790,"There is a vegan, they are called Mike Friedrich.",NOT ENOUGH INFO,0.9908269000488367,1,,medium,0.5,0,0,0
qwen/qwen3-14b,fever,565,There is a division of BMW called Mercedes-Benz.,REFUTES,0.907816003751003,1,,medium,0.5,0,0,0
google/gemma-4-26b-a4b-it,fever,122,"Kullervo is a peninsula on the Baltic sea, to the east of the Gulf of Finland and to the south of the Gulf of Finland and has a coastline of Sweden, Finland, Norway, the north of Finland, and Russia.",REFUTES,0.9999986205840812,1,,medium,0.5,0,0,0
google/gemma-4-26b-a4b-it,fever,59,There was a game show contestant in the United States called Richard Dawson.,SUPPORTS,0.8775346233460248,0,,medium,0.5,0,0,0
google/gemma-4-26b-a4b-it,fever,497,Chris Bosh enjoys playing against Oklahoma City Thunder and won his first NBA Finals title between 2010 and 2014.,NOT ENOUGH INFO,0.9999693412925482,1,,medium,0.5,0,0,0
google/gemma-4-26b-a4b-it,fever,64,"There is an Emmy Award nominee, they are called Vincent D'Onofrio.",SUPPORTS,0.9999987483061039,1,,medium,0.5,0,0,0
google/gemma-4-26b-a4b-it,fever,954,There is a fashion house with a word meaning 'sweet' in its name.,SUPPORTS,0.9994319147788459,1,,medium,0.5,0,0,0
google/gemma-4-26b-a4b-it,fever,46,There exists a publication of rankings by Times Higher Education (THE) magazine called Times Higher Education World University Rankings.,SUPPORTS,0.9999992698448469,1,,medium,0.5,0,0,0
google/gemma-4-26b-a4b-it,fever,636,Curiosa is a member of the rock band the Cure.,REFUTES,0.9999961853545221,1,,medium,0.5,0,0,0
google/gemma-4-26b-a4b-it,fever,246,"CCJO René Cassin was recognized by the Egyptians, the Greeks and the Romans from ancient times, and the Romans adopted the term as their official name.",REFUTES,0.9999994486582696,1,,medium,0.5,0,0,0
google/gemma-4-26b-a4b-it,fever,632,Bongwater follows the story of a person born in the country where Columbia university is located.,NOT ENOUGH INFO,0.9999963045723046,1,,medium,0.5,0,0,0
google/gemma-4-26b-a4b-it,fever,702,Manchester by the Sea is not a movie.,REFUTES,0.9999992102407803,1,,medium,0.5,0,0,0
google/gemma-4-26b-a4b-it,fever,107,The area of Phulambri is larger than the area of Province of Córdoba -LRB-Spain-RRB-.,REFUTES,0.9999981075621084,1,,medium,0.5,0,0,0
google/gemma-4-26b-a4b-it,fever,472,One Dance reached number one in the Netherlands between 2006 and 2014.,REFUTES,0.999999063357452,1,,medium,0.5,0,0,0
google/gemma-4-26b-a4b-it,fever,890,There is an Episcopalian called James Brolin.,NOT ENOUGH INFO,0.999998874138693,1,,medium,0.5,0,0,0
google/gemma-4-26b-a4b-it,fever,394,Even Mickey Thompson has to participate in a Baja 1000,REFUTES,0.9999952466045599,1,,medium,0.5,0,0,0
google/gemma-4-26b-a4b-it,fever,1105,The area of Khuldabad is larger than the area of Province of Huelva.,REFUTES,0.9999986738019359,1,,medium,0.5,0,0,0
google/gemma-4-26b-a4b-it,fever,368,Red Dust is a 2000 novel written by a South African.,SUPPORTS,0.9999992847455852,1,,medium,0.5,0,0,0
google/gemma-4-26b-a4b-it,fever,570,Southampton F.C. came in second in the First Division after 1990 -- 1984.,REFUTES,0.9999989782084803,1,,medium,0.5,0,0,0
google/gemma-4-26b-a4b-it,fever,609,Ralph Fults was associated with the musical body the Barrow Gang,REFUTES,0.9999846228602183,1,,medium,0.5,0,0,0
google/gemma-4-26b-a4b-it,fever,764,The Challenge XXX: Dirty 30 is certainly not a season in a television series from the United States.,FALSE,0.9173374999737787,0,,medium,0.5,0,0,0
google/gemma-4-26b-a4b-it,fever,466,The area of Mashonaland West Province is larger than the area of Sắc Tứ Tam Bảo Temple.,SUPPORTS,0.999999489103631,1,,medium,0.5,0,0,0
google/gemma-4-26b-a4b-it,fever,842,"Vic Mensa who is signed to an American entertainment company founded by Jay Z in 2008 has date of birth was June 6, 1993.",SUPPORTS,0.9999992677152515,1,,medium,0.5,0,0,0
google/gemma-4-26b-a4b-it,fever,828,The Hanford Site hosts the LIGO Hanford Observatory which detects gravitational tides,NOT ENOUGH INFO,0.9997802186822092,1,,medium,0.5,0,0,0
