row_key,model,dataset_file,question,answer,confidence,correct,error,raw
440,deepseek-chat,conflictqa_strategyqa480_160x3_wood_v2_resplit,Would Quiet from Metal Gear be a poor hypothetical choice for lecturer at Haub?,True,0.9969143208098122,1,,"{""answer"": ""True""}"
155,deepseek-chat,conflictqa_strategyqa480_160x3_wood_v2_resplit,Is Noah's Ark an upgrade for Golden Age of Piracy pirates?,False,0.9933102444445574,0,,"{""answer"": ""False""}"
526,deepseek-chat,conflictqa_strategyqa480_160x3_wood_v2_resplit,Can a Liebherr LTM 11200-9.1 hypothetically lift Mount Emei?,False,0.9996610943475992,0,,"{""answer"": ""False""}"
227,deepseek-chat,conflictqa_strategyqa480_160x3_wood_v2_resplit,Does Southwest Airlines use bulk carriers?,True,0.9953628488266191,1,,"{""answer"": ""True""}"
250,deepseek-chat,conflictqa_strategyqa480_160x3_wood_v2_resplit,Does James Watson believe that Africans are inferior to Europeans?,True,0.9961627113672983,1,,"{""answer"": ""True""}"
627,deepseek-chat,conflictqa_strategyqa480_160x3_wood_v2_resplit,Would a viewer of Monday Night Football be able to catch WWE Raw during commercial breaks?,True,0.9516065680309616,1,,"{""answer"": ""True""}"
507,deepseek-chat,conflictqa_strategyqa480_160x3_wood_v2_resplit,Do Flat Earthers doubt the existence of Earth's magnetic field?,True,0.9607812292831894,1,,"{""answer"": ""True""}"
680,deepseek-chat,conflictqa_strategyqa480_160x3_wood_v2_resplit,Does Lupita Nyongo have citizenship in paternal Family of Barack Obama's origin country?,True,0.9976610603665365,1,,"{""answer"": ""True""}"
471,deepseek-chat,conflictqa_strategyqa480_160x3_wood_v2_resplit,Has spinach been a source of power in a comic movie?,True,0.9939768219637937,1,,"{""answer"": ""True""}"
496,deepseek-chat,conflictqa_strategyqa480_160x3_wood_v2_resplit,Is a slime mold safe from cerebral palsy?,True,0.996407030904302,1,,"{""answer"": ""True""}"
434,deepseek-chat,conflictqa_strategyqa480_160x3_wood_v2_resplit,Was Saint Vincent and the Grenadines named by an Italian explorer?,True,0.9870067337245351,1,,"{""answer"": ""True""}"
445,deepseek-chat,conflictqa_strategyqa480_160x3_wood_v2_resplit,Would costumes with robes and pointy hats be helpful for Macbeth?,True,0.989919318275169,1,,"{""answer"": ""True""}"
686,deepseek-chat,conflictqa_strategyqa480_160x3_wood_v2_resplit,Is a platypus immune from cholera?,True,0.9961013694701175,1,,"{""answer"": ""True""}"
316,deepseek-chat,conflictqa_strategyqa480_160x3_wood_v2_resplit,Were Greeks essential to crafting Egyptian Lighthouse of Alexandria?,True,0.9947988815577485,1,,"{""answer"": ""True""}"
94,deepseek-chat,conflictqa_strategyqa480_160x3_wood_v2_resplit,Do mail carriers need multiple uniforms?,True,0.9989809055490574,1,,"{""answer"": ""True""}"
671,deepseek-chat,conflictqa_strategyqa480_160x3_wood_v2_resplit,Was Christina Aguilera born in the forgotten borough?,True,0.9577560205876166,1,,"{""answer"": ""True""}"
141,deepseek-chat,conflictqa_strategyqa480_160x3_wood_v2_resplit,Is Central Park Zoo located on an island?,True,0.9935971806680537,1,,"{""answer"": ""True""}"
610,deepseek-chat,conflictqa_strategyqa480_160x3_wood_v2_resplit,Would the Who concert in international space station be audible?,False,0.9146415465581076,0,,"{""answer"": ""False""}"
450,deepseek-chat,conflictqa_strategyqa480_160x3_wood_v2_resplit,Can an asteroid be linked with virginity?,True,0.9793156464856224,1,,"{""answer"": ""True""}"
596,deepseek-chat,conflictqa_strategyqa480_160x3_wood_v2_resplit,Was Florence a Theocracy during Italian Renaissance?,True,0.9999493203060734,1,,"{""answer"": ""True""}"
414,deepseek-chat,conflictqa_strategyqa480_160x3_wood_v2_resplit,Is Anakin Skywalker from Star Wars associated with the color black?,True,0.999995640355489,1,,"{""answer"": ""True""}"
378,deepseek-chat,conflictqa_strategyqa480_160x3_wood_v2_resplit,Could $1 for each 2009 eclipse buy a copy of TIME magazine in 2020?,True,0.9488475572682441,1,,"{""answer"": ""True""}"
529,deepseek-chat,conflictqa_strategyqa480_160x3_wood_v2_resplit,Is number of stars in Milky Way at least ten times earth's population?,True,0.9997586132971593,1,,"{""answer"": ""True""}"
395,deepseek-chat,conflictqa_strategyqa480_160x3_wood_v2_resplit,Can actress Danica McKellar skip astronaut education requirements?,True,0.9504124995551282,1,,"{""answer"": ""True""}"
533,deepseek-chat,conflictqa_strategyqa480_160x3_wood_v2_resplit,Could you watch all of JAG in six months?,True,0.995128004374931,1,,"{""answer"": ""True""}"
522,deepseek-chat,conflictqa_strategyqa480_160x3_wood_v2_resplit,Does the Prime Minister of the United Kingdom have poor job security?,False,0.7329077579099251,0,,"{""answer"": ""False""}"
80,deepseek-chat,conflictqa_strategyqa480_160x3_wood_v2_resplit,Would Taylor Swift refer to Snoopy as oppa?,False,0.9936453726503361,0,,"{""answer"": ""False""}"
307,deepseek-chat,conflictqa_strategyqa480_160x3_wood_v2_resplit,Was San Antonio the site of a major battle in the 19th century?,True,0.9999166250901668,1,,"{""answer"": ""True""}"
60,deepseek-chat,conflictqa_strategyqa480_160x3_wood_v2_resplit,Could Amazon afford The Mona Lisa?,True,0.9996382141915887,1,,"{""answer"": ""True""}"
687,deepseek-chat,conflictqa_strategyqa480_160x3_wood_v2_resplit,Are there bones in an anchovy pizza?,True,0.9998937390758206,1,,"{""answer"": ""True""}"
508,deepseek-chat,conflictqa_strategyqa480_160x3_wood_v2_resplit,Was story of Jesus inspired by Egyptian myth?,True,0.9155751011659383,1,,"{""answer"": ""True""}"
567,deepseek-chat,conflictqa_strategyqa480_160x3_wood_v2_resplit,Would an Alfa Romeo vehicle fit inside a barn?,True,0.9998158215787568,1,,"{""answer"": ""True""}"
137,deepseek-chat,conflictqa_strategyqa480_160x3_wood_v2_resplit,Did Martin Luther believe in Satan?,True,0.9999972752199551,1,,"{""answer"": ""True""}"
115,deepseek-chat,conflictqa_strategyqa480_160x3_wood_v2_resplit,Does Mercury help detect coronavirus?,False,0.9730510982255567,0,,"{""answer"": ""False""}"
462,deepseek-chat,conflictqa_strategyqa480_160x3_wood_v2_resplit,Is the Muslim world hostile to Israel?,True,0.9945869345681843,1,,"{""answer"": ""True""}"
136,deepseek-chat,conflictqa_strategyqa480_160x3_wood_v2_resplit,Could Barron Trump have lived through the Mexican Revolution?,False,0.9740591343819366,0,,"{""answer"": ""False""}"
10,deepseek-chat,conflictqa_strategyqa480_160x3_wood_v2_resplit,"If your skin was turning the color of a zombie, could it be because of nickel?",True,0.9967877456500379,1,,"{""answer"": ""True""}"
246,deepseek-chat,conflictqa_strategyqa480_160x3_wood_v2_resplit,Are any of J.K. Rowling's books in the genre of And Then There Were None?,True,0.9566491124709403,1,,"{""answer"": ""True""}"
339,deepseek-chat,conflictqa_strategyqa480_160x3_wood_v2_resplit,Is chaff produced by hydropower?,True,0.9440699067290164,1,,"{""answer"": ""True""}"
220,deepseek-chat,conflictqa_strategyqa480_160x3_wood_v2_resplit,Do people put creatures from the Black Sea on their pizza?,True,0.5970003785550435,1,,"{""answer"": ""True""}"
249,deepseek-chat,conflictqa_strategyqa480_160x3_wood_v2_resplit,Was  Godfrey of Bouillon an Islamaphobe?,True,0.9989825387519364,1,,"{""answer"": ""True""}"
265,deepseek-chat,conflictqa_strategyqa480_160x3_wood_v2_resplit,Is H's most common two letter pair partner a freebie in Wheel of Fortune bonus round?,True,0.9967725360357205,1,,"{""answer"": ""True""}"
491,deepseek-chat,conflictqa_strategyqa480_160x3_wood_v2_resplit,Has Elon Musk's hairline changed?,True,0.9999553145447104,1,,"{""answer"": ""True""}"
62,deepseek-chat,conflictqa_strategyqa480_160x3_wood_v2_resplit,Is Thanksgiving sometimes considered a day of mourning?,True,0.9999907357781131,1,,"{""answer"": ""True""}"
348,deepseek-chat,conflictqa_strategyqa480_160x3_wood_v2_resplit,Is capsaicin associated with cooking?,True,0.9964026869200158,1,,"{""answer"": ""True""}"
549,deepseek-chat,conflictqa_strategyqa480_160x3_wood_v2_resplit,Was King Kong (2005 film) the lead actress's biggest box office role?,True,0.9969235564823936,1,,"{""answer"": ""True""}"
83,deepseek-chat,conflictqa_strategyqa480_160x3_wood_v2_resplit,Will Chick-fil-A hypothetically refuse to sponsor a Pride parade?,True,0.999967848068313,1,,"{""answer"": ""True""}"
485,deepseek-chat,conflictqa_strategyqa480_160x3_wood_v2_resplit,Is Issac Newton often associated with a red fruit?,False,0.9668519140765597,0,,"{""answer"": ""False""}"
256,deepseek-chat,conflictqa_strategyqa480_160x3_wood_v2_resplit,Is it possible that June got its name from mythology?,True,0.9999863761740481,1,,"{""answer"": ""True""}"
651,deepseek-chat,conflictqa_strategyqa480_160x3_wood_v2_resplit,Would Snowdon mountain be a piece of cake for Tenzing Norgay?,True,0.9999956403555176,1,,"{""answer"": ""True""}"
346,deepseek-chat,conflictqa_strategyqa480_160x3_wood_v2_resplit,Can Immersion Baptism lead to a death like Jeff Buckley's?,False,0.9817356902949002,0,,"{""answer"": ""False""}"
432,deepseek-chat,conflictqa_strategyqa480_160x3_wood_v2_resplit,Are there any chives hypothetically good for battling vampires?,False,0.9487601750610423,0,,"{""answer"": ""False""}"
561,deepseek-chat,conflictqa_strategyqa480_160x3_wood_v2_resplit,Is the letter D influenced by the shape of ancient doors?,True,0.9987626244426789,1,,"{""answer"": ""True""}"
458,deepseek-chat,conflictqa_strategyqa480_160x3_wood_v2_resplit,Did Demi Lovato's ancestors help turn maize into popcorn?,True,0.9530706196306566,1,,"{""answer"": ""True""}"
431,deepseek-chat,conflictqa_strategyqa480_160x3_wood_v2_resplit,Could a Diwali celebration feature a crustacean?,True,0.9990222809088131,1,,"{""answer"": ""True""}"
273,deepseek-chat,conflictqa_strategyqa480_160x3_wood_v2_resplit,Could Quartz be useful to humans if plants died off and there was no oxygen?,False,0.979374353279259,0,,"{""answer"": ""False""}"
657,deepseek-chat,conflictqa_strategyqa480_160x3_wood_v2_resplit,Could Bart Simpson have owned comics with The Joker?,True,0.9995995369935952,1,,"{""answer"": ""True""}"
296,deepseek-chat,conflictqa_strategyqa480_160x3_wood_v2_resplit,"Can you fit every resident of Auburn, New York, in Tropicana Field?",True,0.9991567626852434,1,,"{""answer"": ""True""}"
520,deepseek-chat,conflictqa_strategyqa480_160x3_wood_v2_resplit,Does crucifixion violate US eighth amendment?,True,0.9998354365999705,1,,"{""answer"": ""True""}"
311,deepseek-chat,conflictqa_strategyqa480_160x3_wood_v2_resplit,Does Marco Rubio have a close relationship with Allah?,False,0.9999956403556033,1,,"{""answer"": ""False""}"
543,deepseek-chat,conflictqa_strategyqa480_160x3_wood_v2_resplit,Does 2015 have more unlucky Friday's than usual?,True,0.9886179103127839,1,,"{""answer"": ""True""}"
328,deepseek-chat,conflictqa_strategyqa480_160x3_wood_v2_resplit,Could the Port of Baltimore handle the entire world's cargo production of ginger each year?,True,0.9693568390631094,1,,"{""answer"": ""True""}"
353,deepseek-chat,conflictqa_strategyqa480_160x3_wood_v2_resplit,Can the Dalai Lama fit in a car?,True,0.9965417036299958,1,,"{""answer"": ""True""}"
267,deepseek-chat,conflictqa_strategyqa480_160x3_wood_v2_resplit,Can a cell fit inside of a shoebox?,True,0.997936745415835,1,,"{""answer"": ""True""}"
400,deepseek-chat,conflictqa_strategyqa480_160x3_wood_v2_resplit,Can oysters be used in guitar manufacturing?,True,0.8347125357846971,1,,"{""answer"": ""True""}"
648,deepseek-chat,conflictqa_strategyqa480_160x3_wood_v2_resplit,Has Drew Carey outshined Doug Davidson's tenure?,True,0.9958902300718058,1,,"{""answer"": ""True""}"
206,deepseek-chat,conflictqa_strategyqa480_160x3_wood_v2_resplit,Has Aretha Franklin ever collaborated with a suicidal person?,True,0.9983082519583742,1,,"{""answer"": ""True""}"
568,deepseek-chat,conflictqa_strategyqa480_160x3_wood_v2_resplit,Does Adobe Suite have video game engine coding?,False,0.9966666180253482,0,,"{""answer"": ""False""}"
396,deepseek-chat,conflictqa_strategyqa480_160x3_wood_v2_resplit,Can a copy of The Daily Mirror sustain a campfire?,True,0.9970213517330175,1,,"{""answer"": ""True""}"
35,deepseek-chat,conflictqa_strategyqa480_160x3_wood_v2_resplit,Does a person need to be a parent to become a grandparent?,True,0.999954769611882,1,,"{""answer"": ""True""}"
394,deepseek-chat,conflictqa_strategyqa480_160x3_wood_v2_resplit,Can you transport a coin along a sea of mercury?,True,0.9947625601801352,1,,"{""answer"": ""True""}"
254,deepseek-chat,conflictqa_strategyqa480_160x3_wood_v2_resplit,Is Canon Inc. a Kabushiki gaisha?,True,0.9999967302648741,1,,"{""answer"": ""True""}"
64,deepseek-chat,conflictqa_strategyqa480_160x3_wood_v2_resplit,Does a mongoose have natural camouflage for desert?,True,0.9998163664352931,1,,"{""answer"": ""True""}"
692,deepseek-chat,conflictqa_strategyqa480_160x3_wood_v2_resplit,"After viewing the Mona Lisa, could you get lunch nearby on foot?",True,0.9997907584960148,1,,"{""answer"": ""True""}"
330,deepseek-chat,conflictqa_strategyqa480_160x3_wood_v2_resplit,"On August 20, 2020,  does The Tonight Show Starring Jimmy Fallon air after moonset EST?",False,0.6374588120424036,0,,"{""answer"": ""False""}"
677,deepseek-chat,conflictqa_strategyqa480_160x3_wood_v2_resplit,Would Shaggy and Redenbacher popcorn founder both raise hand during first name roll call?,False,0.770498012130084,0,,"{""answer"": ""False""}"
150,deepseek-chat,conflictqa_strategyqa480_160x3_wood_v2_resplit,Is Nicole Kidman ideal choice to play Psylocke based on height and weight?,False,0.8849438572582794,0,,"{""answer"": ""False""}"
449,deepseek-chat,conflictqa_strategyqa480_160x3_wood_v2_resplit,Would a Yeti be likely to have prehensile limbs?,True,0.9336728879270139,1,,"{""answer"": ""True""}"
120,deepseek-chat,conflictqa_strategyqa480_160x3_wood_v2_resplit,Is Fiat Chrysler gaining a new overall corporate identity?,True,0.9999111759915145,1,,"{""answer"": ""True""}"
601,deepseek-chat,conflictqa_strategyqa480_160x3_wood_v2_resplit,Will Conan the Barbarian hypothetically last a short time inside of Call of Duty?,True,0.9111263400001138,1,,"{""answer"": ""True""}"
546,deepseek-chat,conflictqa_strategyqa480_160x3_wood_v2_resplit,Does Kenny G hold the qualifications to be a tax collector?,True,0.8510060102894524,1,,"{""answer"": ""True""}"
342,deepseek-chat,conflictqa_strategyqa480_160x3_wood_v2_resplit,Do many fans of J.K Rowling know who Alan Rickman is?,True,0.9999297030502893,1,,"{""answer"": ""True""}"
216,deepseek-chat,conflictqa_strategyqa480_160x3_wood_v2_resplit,Has the Holy Grail been featured in at least five films?,True,0.9998986431798067,1,,"{""answer"": ""True""}"
162,deepseek-chat,conflictqa_strategyqa480_160x3_wood_v2_resplit,Does the Red Sea have biblical significance? ,True,0.9999869211230579,1,,"{""answer"": ""True""}"
58,deepseek-chat,conflictqa_strategyqa480_160x3_wood_v2_resplit,Does coding rely on Boolean algebra characters?,True,0.9997291931751753,1,,"{""answer"": ""True""}"
571,deepseek-chat,conflictqa_strategyqa480_160x3_wood_v2_resplit,Can E6000 cure before a hoverboard finishes the Daytona 500? ,False,0.9308973859339184,0,,"{""answer"": ""False""}"
222,deepseek-chat,conflictqa_strategyqa480_160x3_wood_v2_resplit,Is the Berlin University of the Arts a Baroque period relic?,False,0.9998343468699952,0,,"{""answer"": ""False""}"
472,deepseek-chat,conflictqa_strategyqa480_160x3_wood_v2_resplit,Can the majority of vowels be typed on the first line of a QWERTY keyboard?,True,0.9960829132926498,1,,"{""answer"": ""True""}"
264,deepseek-chat,conflictqa_strategyqa480_160x3_wood_v2_resplit,Could SNL be why Jenny McCarthy does not get along with her cousin?,False,0.9766013591613164,0,,"{""answer"": ""False""}"
691,deepseek-chat,conflictqa_strategyqa480_160x3_wood_v2_resplit,Could largest asteroid crush a whole city?,True,0.999961853754458,1,,"{""answer"": ""True""}"
359,deepseek-chat,conflictqa_strategyqa480_160x3_wood_v2_resplit,Are kayaks used at the summit of Mount Everest?,False,0.9995276341010737,0,,"{""answer"": ""False""}"
585,deepseek-chat,conflictqa_strategyqa480_160x3_wood_v2_resplit,Would a dog easily notice ammonia?,True,0.9998801167012484,1,,"{""answer"": ""True""}"
230,deepseek-chat,conflictqa_strategyqa480_160x3_wood_v2_resplit,Is euphoria associated with drug addiction?,True,0.9999956403554319,1,,"{""answer"": ""True""}"
393,deepseek-chat,conflictqa_strategyqa480_160x3_wood_v2_resplit,Would a body builder prefer an elk burger over a beef burger?,True,0.9652962002961194,1,,"{""answer"": ""True""}"
179,deepseek-chat,conflictqa_strategyqa480_160x3_wood_v2_resplit,Is it normal for people to sing when the YMCA is mentioned?,True,0.9999460507368853,1,,"{""answer"": ""True""}"
509,deepseek-chat,conflictqa_strategyqa480_160x3_wood_v2_resplit,Can you see live harbor seals in Washington DC?,False,0.8541002822704878,0,,"{""answer"": ""False""}"
40,deepseek-chat,conflictqa_strategyqa480_160x3_wood_v2_resplit,Were plants crucial for The King of Rock'n Roll's snack with bananas?,True,0.9895773575504112,1,,"{""answer"": ""True""}"
323,deepseek-chat,conflictqa_strategyqa480_160x3_wood_v2_resplit,Has numerology helped shape hotel layouts?,True,0.9914995870773763,1,,"{""answer"": ""True""}"
56,deepseek-chat,conflictqa_strategyqa480_160x3_wood_v2_resplit,Did Eiffel Tower contribute to a war victory?,True,0.9961154832612094,1,,"{""answer"": ""True""}"
398,deepseek-chat,conflictqa_strategyqa480_160x3_wood_v2_resplit,Can you buy furniture and meatballs in the same store?,True,0.9989923380345875,1,,"{""answer"": ""True""}"
364,deepseek-chat,conflictqa_strategyqa480_160x3_wood_v2_resplit,Has Burger King  contributed to a decrease in need for snowshoes?,False,0.8943146498553868,0,,"{""answer"": ""False""}"
182,deepseek-chat,conflictqa_strategyqa480_160x3_wood_v2_resplit,Did Rumi spend his time in a state of euphoria?,True,0.9989536858405998,1,,"{""answer"": ""True""}"
274,deepseek-chat,conflictqa_strategyqa480_160x3_wood_v2_resplit,Is the Asian black bear multicolored?,True,0.9554133112715313,1,,"{""answer"": ""True""}"
510,deepseek-chat,conflictqa_strategyqa480_160x3_wood_v2_resplit,Are all the elements plants need for photosynthesis present in atmosphere of Mars?,False,0.9836614483941218,0,,"{""answer"": ""False""}"
184,deepseek-chat,conflictqa_strategyqa480_160x3_wood_v2_resplit,Are pancakes a bad snack for cats?,True,0.9998975533781421,1,,"{""answer"": ""True""}"
283,deepseek-chat,conflictqa_strategyqa480_160x3_wood_v2_resplit,Would most grand masters know what the French Defense is?,True,0.9999929155873374,1,,"{""answer"": ""True""}"
653,deepseek-chat,conflictqa_strategyqa480_160x3_wood_v2_resplit,Did the lead singer of Led Zepplin ever perform with Ernest Chataway?,True,0.9966220815619062,1,,"{""answer"": ""True""}"
148,deepseek-chat,conflictqa_strategyqa480_160x3_wood_v2_resplit,Does the Boy Who Cried Wolf hypothetically have reason to pray to Pan?,True,0.9917233065740529,1,,"{""answer"": ""True""}"
219,deepseek-chat,conflictqa_strategyqa480_160x3_wood_v2_resplit,Is Nine Inch Nails's lead singer associated with David Lynch?,True,0.9999836514310821,1,,"{""answer"": ""True""}"
673,deepseek-chat,conflictqa_strategyqa480_160x3_wood_v2_resplit,Were gladiators associated with the Coloseum?,True,0.9999956403555176,1,,"{""answer"": ""True""}"
661,deepseek-chat,conflictqa_strategyqa480_160x3_wood_v2_resplit,Are swastikas used in the most common religion in India?,True,0.9528083674863275,1,,"{""answer"": ""True""}"
480,deepseek-chat,conflictqa_strategyqa480_160x3_wood_v2_resplit,Can a human heart last from NYC to Raleigh NC by Toyota Hiux?,True,0.9086916629197163,1,,"{""answer"": ""True""}"
306,deepseek-chat,conflictqa_strategyqa480_160x3_wood_v2_resplit,Is electricity necessary to balance an account in Microsoft Excel?,False,0.9727038326501786,0,,"{""answer"": ""False""}"
518,deepseek-chat,conflictqa_strategyqa480_160x3_wood_v2_resplit,Was Subway involved in a pedophilia scandal?,True,0.9996845198171989,1,,"{""answer"": ""True""}"
447,deepseek-chat,conflictqa_strategyqa480_160x3_wood_v2_resplit,Is Christianity better for global warming than Satanism?,False,0.9879845385628966,0,,"{""answer"": ""False""}"
261,deepseek-chat,conflictqa_strategyqa480_160x3_wood_v2_resplit,Are the names of The Powerpuff Girls alliterative? ,True,0.9999880110233683,1,,"{""answer"": ""True""}"
659,deepseek-chat,conflictqa_strategyqa480_160x3_wood_v2_resplit,Do sun bears stay active during winter?,False,0.6774167581338862,0,,"{""answer"": ""False""}"
345,deepseek-chat,conflictqa_strategyqa480_160x3_wood_v2_resplit,Is it safe to share silverware with an HIV positive person?,True,0.9999967302648456,1,,"{""answer"": ""True""}"
91,deepseek-chat,conflictqa_strategyqa480_160x3_wood_v2_resplit,Is unanimously elected president's birthday a break for mail carriers?,False,0.8397587345654414,0,,"{""answer"": ""False""}"
441,deepseek-chat,conflictqa_strategyqa480_160x3_wood_v2_resplit,Could morphine cure HIV?,False,0.9999836514313536,1,,"{""answer"": ""False""}"
299,deepseek-chat,conflictqa_strategyqa480_160x3_wood_v2_resplit,Is B's place in alphabet same as Prince Harry's birth order?,True,0.999139338897255,1,,"{""answer"": ""True""}"
409,deepseek-chat,conflictqa_strategyqa480_160x3_wood_v2_resplit,Is March named after Jupiter's son in Roman mythology?,True,0.9877530497727408,1,,"{""answer"": ""True""}"
271,deepseek-chat,conflictqa_strategyqa480_160x3_wood_v2_resplit,Was Dioskourides a lapidary?,True,0.9999416913280881,1,,"{""answer"": ""True""}"
248,deepseek-chat,conflictqa_strategyqa480_160x3_wood_v2_resplit,Is Drew Carey important to the history of wrestling?,True,0.9955787592465543,1,,"{""answer"": ""True""}"
693,deepseek-chat,conflictqa_strategyqa480_160x3_wood_v2_resplit,Is a fever cured by listening to a cowbell?,False,0.9999934605403109,1,,"{""answer"": ""False""}"
599,deepseek-chat,conflictqa_strategyqa480_160x3_wood_v2_resplit,Could a fan of the Botany Swarm vote for John Key?,True,0.9954132960034195,1,,"{""answer"": ""True""}"
502,deepseek-chat,conflictqa_strategyqa480_160x3_wood_v2_resplit,Would a vegetarian be able to eat something at Chick-fil-A?,True,0.9767392094489608,1,,"{""answer"": ""True""}"
116,deepseek-chat,conflictqa_strategyqa480_160x3_wood_v2_resplit,"During the pandemic, is door to door advertising considered inconsiderate?",True,0.9997814962186721,1,,"{""answer"": ""True""}"
131,deepseek-chat,conflictqa_strategyqa480_160x3_wood_v2_resplit,Does the United States Department of Education oversee services benefiting undocumented migrants? ,True,0.9946400526122351,1,,"{""answer"": ""True""}"
566,deepseek-chat,conflictqa_strategyqa480_160x3_wood_v2_resplit,Gandalf hypothetically defeats Rincewind in a wizard battle?,True,0.998788206002137,1,,"{""answer"": ""True""}"
667,deepseek-chat,conflictqa_strategyqa480_160x3_wood_v2_resplit,Would you be more likely to die of hypothermia in New York than Florida?,True,0.9999378768586794,1,,"{""answer"": ""True""}"
28,deepseek-chat,conflictqa_strategyqa480_160x3_wood_v2_resplit,Are there winged statuettes in the home of the creator of Law & Order?,True,0.9937504278809132,1,,"{""answer"": ""True""}"
587,deepseek-chat,conflictqa_strategyqa480_160x3_wood_v2_resplit,Did Clark Gable marry more women once than Richard Burton?,True,0.9864824438634877,1,,"{""answer"": ""True""}"
46,deepseek-chat,conflictqa_strategyqa480_160x3_wood_v2_resplit,Has cannabis been a big influence in rap music genre?,True,0.9999967302647742,1,,"{""answer"": ""True""}"
276,deepseek-chat,conflictqa_strategyqa480_160x3_wood_v2_resplit,Are pirate lieutenants like navy lieutenants?,False,0.8472541316093194,0,,"{""answer"": ""False""}"
532,deepseek-chat,conflictqa_strategyqa480_160x3_wood_v2_resplit,Do silicone suits make judo difficult?,True,0.9993696837767847,1,,"{""answer"": ""True""}"
203,deepseek-chat,conflictqa_strategyqa480_160x3_wood_v2_resplit,Are any minor league baseball teams named after felines?,True,0.9998882901058436,1,,"{""answer"": ""True""}"
96,deepseek-chat,conflictqa_strategyqa480_160x3_wood_v2_resplit,Would you be likely to see storks at a baby shower?,True,0.9953243372897584,1,,"{""answer"": ""True""}"
192,deepseek-chat,conflictqa_strategyqa480_160x3_wood_v2_resplit,Would Arnold Schwarzenegger have a hard time picking up a red fox in 1967?,False,0.9945641704387752,1,,"{""answer"": ""False""}"
15,deepseek-chat,conflictqa_strategyqa480_160x3_wood_v2_resplit,Was the Louisiana Purchase made with bitcoin?,False,0.9999896458753758,1,,"{""answer"": ""False""}"
343,deepseek-chat,conflictqa_strategyqa480_160x3_wood_v2_resplit,Is there a popular Broadway character who is a missionary?,True,0.9900347703839791,1,,"{""answer"": ""True""}"
660,deepseek-chat,conflictqa_strategyqa480_160x3_wood_v2_resplit,Does walking across Amazonas put a person's life at risk?,True,0.9998310776713264,1,,"{""answer"": ""True""}"
144,deepseek-chat,conflictqa_strategyqa480_160x3_wood_v2_resplit,Did brother of Goofy creator's employer commit an excommunicable offense?,True,0.9977752402553918,1,,"{""answer"": ""True""}"
72,deepseek-chat,conflictqa_strategyqa480_160x3_wood_v2_resplit,Does chlorine inhibit photosynthesis?,True,0.9999820165889177,1,,"{""answer"": ""True""}"
352,deepseek-chat,conflictqa_strategyqa480_160x3_wood_v2_resplit,Is watermelon safe for people with a tricarboxylic acid allergy?,True,0.9985808507036215,1,,"{""answer"": ""True""}"
608,deepseek-chat,conflictqa_strategyqa480_160x3_wood_v2_resplit,Can the Supreme Court of Canada fight a Lucha trios match?,False,0.9938625353567321,0,,"{""answer"": ""False""}"
376,deepseek-chat,conflictqa_strategyqa480_160x3_wood_v2_resplit,Did Brad Peyton need to know about seismology?,True,0.9998125524430748,1,,"{""answer"": ""True""}"
617,deepseek-chat,conflictqa_strategyqa480_160x3_wood_v2_resplit,Did Kurt Cobain's music genre survive after his death?,True,0.9999792918572737,1,,"{""answer"": ""True""}"
390,deepseek-chat,conflictqa_strategyqa480_160x3_wood_v2_resplit,Are gorillas closely related to humans?,True,0.9999961853100046,1,,"{""answer"": ""True""}"
14,deepseek-chat,conflictqa_strategyqa480_160x3_wood_v2_resplit,Would a week be enough time to watch every episode of Ugly Betty?,False,0.7728900379679758,0,,"{""answer"": ""False""}"
187,deepseek-chat,conflictqa_strategyqa480_160x3_wood_v2_resplit,Did the death of Helen Palmer have a significant effect on Dr. Seuss?,True,0.9999547696105964,1,,"{""answer"": ""True""}"
326,deepseek-chat,conflictqa_strategyqa480_160x3_wood_v2_resplit,Could James Brown's ex-wives hold a doubles game of tennis?,True,0.9905695845830207,1,,"{""answer"": ""True""}"
240,deepseek-chat,conflictqa_strategyqa480_160x3_wood_v2_resplit,Is pickled cucumber ever red?,True,0.9469037756842816,1,,"{""answer"": ""True""}"
108,deepseek-chat,conflictqa_strategyqa480_160x3_wood_v2_resplit,Is Brooklyn known for its bread products?,False,0.9784877182314637,0,,"{""answer"": ""False""}"
542,deepseek-chat,conflictqa_strategyqa480_160x3_wood_v2_resplit,Is Tony Bennett's middle name shared by a former UFC champion?,True,0.9986679238067424,1,,"{""answer"": ""True""}"
650,deepseek-chat,conflictqa_strategyqa480_160x3_wood_v2_resplit,Would 1996 leap year baby technically be 1 year old in 2000?,False,0.6896236412070836,0,,"{""answer"": ""False""}"
20,deepseek-chat,conflictqa_strategyqa480_160x3_wood_v2_resplit,Do manta rays live in water above the safe temperature for cold food storage?,True,0.9896507015088232,1,,"{""answer"": ""True""}"
512,deepseek-chat,conflictqa_strategyqa480_160x3_wood_v2_resplit,Would Iris (mythology) and Hermes hypothetically struggle at a UPS job?,False,0.9716564266280324,1,,"{""answer"": ""False""}"
628,deepseek-chat,conflictqa_strategyqa480_160x3_wood_v2_resplit,Would Bobby Jindal's high school mascot eat kibble?,True,0.99479454481252,1,,"{""answer"": ""True""}"
439,deepseek-chat,conflictqa_strategyqa480_160x3_wood_v2_resplit,Would the chef at La Grenouille find salsa to be a strange request?,True,0.9997918481820391,1,,"{""answer"": ""True""}"
42,deepseek-chat,conflictqa_strategyqa480_160x3_wood_v2_resplit,Can you find Bob Marley's face in most smoke shops?,True,0.9802885029138839,1,,"{""answer"": ""True""}"
79,deepseek-chat,conflictqa_strategyqa480_160x3_wood_v2_resplit,Can monkeys use QWERTY keyboards?,True,0.9883140992333647,1,,"{""answer"": ""True""}"
406,deepseek-chat,conflictqa_strategyqa480_160x3_wood_v2_resplit,Does Ronda Rousey avoid BBQ restaraunts?,True,0.9485166842171407,1,,"{""answer"": ""True""}"
537,deepseek-chat,conflictqa_strategyqa480_160x3_wood_v2_resplit,Is Poseidon similar to the god Vulcan?,False,0.9999880110234398,1,,"{""answer"": ""False""}"
457,deepseek-chat,conflictqa_strategyqa480_160x3_wood_v2_resplit,Is Pearl Harbor the mythical home of a shark goddess?,False,0.9991458727925812,0,,"{""answer"": ""False""}"
181,deepseek-chat,conflictqa_strategyqa480_160x3_wood_v2_resplit, Is cactus fruit an important menu item for a restaurant based on Cuauhtémoc?,False,0.6904531968856839,0,,"{""answer"": ""False""}"
505,deepseek-chat,conflictqa_strategyqa480_160x3_wood_v2_resplit,Is honey associated with queens?,True,0.999960763883528,1,,"{""answer"": ""True""}"
498,deepseek-chat,conflictqa_strategyqa480_160x3_wood_v2_resplit,Is an Eastern chipmunk likely to die before seeing two leap years?,True,0.9982397059539948,1,,"{""answer"": ""True""}"
403,deepseek-chat,conflictqa_strategyqa480_160x3_wood_v2_resplit,Have any murderers outlasted Kane's Royal Rumble record?,True,0.9918465359790258,1,,"{""answer"": ""True""}"
218,deepseek-chat,conflictqa_strategyqa480_160x3_wood_v2_resplit,Was King Kong climbing at a higher altitude than Eiffel Tower visitors?,True,0.9926538509192269,1,,"{""answer"": ""True""}"
49,deepseek-chat,conflictqa_strategyqa480_160x3_wood_v2_resplit,Did Evander Holyfield compete in an Olympics hosted in the western hemisphere?,True,0.9999809266955264,1,,"{""answer"": ""True""}"
84,deepseek-chat,conflictqa_strategyqa480_160x3_wood_v2_resplit,Does Evander Holyfield eat pork products?,True,0.9965590821183362,1,,"{""answer"": ""True""}"
185,deepseek-chat,conflictqa_strategyqa480_160x3_wood_v2_resplit,Is there a popular Disney character made from living ice?,True,0.999716117832313,1,,"{""answer"": ""True""}"
92,deepseek-chat,conflictqa_strategyqa480_160x3_wood_v2_resplit,Could a Bengal cat hypothetically best Javier Sotomayor's record?,True,0.9875458331178742,1,,"{""answer"": ""True""}"
37,deepseek-chat,conflictqa_strategyqa480_160x3_wood_v2_resplit,Can a computer be programmed entirely in Boolean algebra?,True,0.9998479686305258,1,,"{""answer"": ""True""}"
349,deepseek-chat,conflictqa_strategyqa480_160x3_wood_v2_resplit,Would a German Shepherd be welcome in an airport?,False,0.5471002345726609,0,,"{""answer"": ""False""}"
672,deepseek-chat,conflictqa_strategyqa480_160x3_wood_v2_resplit,Would ramen be bad for someone with heart failure?,True,0.9996954155678449,1,,"{""answer"": ""True""}"
633,deepseek-chat,conflictqa_strategyqa480_160x3_wood_v2_resplit,Is it common to see frost during some college commencements?,True,0.9929389744312036,1,,"{""answer"": ""True""}"
243,deepseek-chat,conflictqa_strategyqa480_160x3_wood_v2_resplit,Could every citizen of Samoa send a letter to a unique JPMorgan Chase employee?,True,0.9490973410089522,1,,"{""answer"": ""True""}"
314,deepseek-chat,conflictqa_strategyqa480_160x3_wood_v2_resplit,Will twenty pea pods contents cover entire chess board?,False,0.8851247204893784,0,,"{""answer"": ""False""}"
663,deepseek-chat,conflictqa_strategyqa480_160x3_wood_v2_resplit,Does Final Fantasy VI require electricity to play?,True,0.939440196301119,1,,"{""answer"": ""True""}"
126,deepseek-chat,conflictqa_strategyqa480_160x3_wood_v2_resplit,Can Larry King's ex-wives form a water polo team?,True,0.9988224972897906,1,,"{""answer"": ""True""}"
658,deepseek-chat,conflictqa_strategyqa480_160x3_wood_v2_resplit,Can a goat be used for one of the ingredients in French toast?,True,0.9739386461237609,1,,"{""answer"": ""True""}"
133,deepseek-chat,conflictqa_strategyqa480_160x3_wood_v2_resplit,Did Christopher Columbus condone multiple deadly sins?,True,0.9983495994996144,1,,"{""answer"": ""True""}"
562,deepseek-chat,conflictqa_strategyqa480_160x3_wood_v2_resplit,Did Julio Gonzalez like acetylene?,True,0.9992803711864483,1,,"{""answer"": ""True""}"
165,deepseek-chat,conflictqa_strategyqa480_160x3_wood_v2_resplit,Would someone buying crickets be likely to own pets?,False,0.5497775602423188,0,,"{""answer"": ""False""}"
456,deepseek-chat,conflictqa_strategyqa480_160x3_wood_v2_resplit,Can paresthesia be caused by a white pigment?,True,0.9752717506287613,1,,"{""answer"": ""True""}"
189,deepseek-chat,conflictqa_strategyqa480_160x3_wood_v2_resplit,Can someone sell their time through the Toronto Star?,False,0.914478570035927,0,,"{""answer"": ""False""}"
52,deepseek-chat,conflictqa_strategyqa480_160x3_wood_v2_resplit,Are moose used for work near the kingdom of Arendelle?,True,0.9961095120367803,1,,"{""answer"": ""True""}"
413,deepseek-chat,conflictqa_strategyqa480_160x3_wood_v2_resplit,Do you need to schedule separate preventive healthcare and sickness visits? ,True,0.9983555840941756,1,,"{""answer"": ""True""}"
583,deepseek-chat,conflictqa_strategyqa480_160x3_wood_v2_resplit,Are there five different single-digit Fibonacci numbers?,True,0.987987230781709,1,,"{""answer"": ""True""}"
678,deepseek-chat,conflictqa_strategyqa480_160x3_wood_v2_resplit,Can French Toast hypothetically kill a Lannister?,True,0.999028814036395,1,,"{""answer"": ""True""}"
515,deepseek-chat,conflictqa_strategyqa480_160x3_wood_v2_resplit,Could the Dominican Order hypothetically defeat Blessed Gerard's order?,False,0.9999166250960805,1,,"{""answer"": ""False""}"
211,deepseek-chat,conflictqa_strategyqa480_160x3_wood_v2_resplit,Would Roman Gallic Wars army struggle to build the pyramids faster?,False,0.9938159576214838,1,,"{""answer"": ""False""}"
87,deepseek-chat,conflictqa_strategyqa480_160x3_wood_v2_resplit,Could a hundred thousand lolcats fit on a first generation iPhone?,True,0.8577623331158953,1,,"{""answer"": ""True""}"
540,deepseek-chat,conflictqa_strategyqa480_160x3_wood_v2_resplit,Can Aerosmith legally drive in the carpool lane?,True,0.9651452365577987,1,,"{""answer"": ""True""}"
497,deepseek-chat,conflictqa_strategyqa480_160x3_wood_v2_resplit,Would the owners of the company Peter Griffin works for need barley?,True,0.9831512578495014,1,,"{""answer"": ""True""}"
535,deepseek-chat,conflictqa_strategyqa480_160x3_wood_v2_resplit,Was the Japanese street aesthetic once illuminated by noble gasses?,True,0.9999662132525993,1,,"{""answer"": ""True""}"
665,deepseek-chat,conflictqa_strategyqa480_160x3_wood_v2_resplit,Is Jennifer Lawrence's middle name similar to the name of a Scorsese collaborator?,True,0.9997291931627929,1,,"{""answer"": ""True""}"
572,deepseek-chat,conflictqa_strategyqa480_160x3_wood_v2_resplit,Would a recruit for the United States Marine Corps be turned away for self harm?,True,0.9977203236042012,1,,"{""answer"": ""True""}"
607,deepseek-chat,conflictqa_strategyqa480_160x3_wood_v2_resplit,Is Batman (1989 film) likely to be shown on flight from NY to Kansas City?,True,0.9644317705225951,1,,"{""answer"": ""True""}"
554,deepseek-chat,conflictqa_strategyqa480_160x3_wood_v2_resplit,Would you find a tibia beside parsley on a holiday plate?,True,0.9442906410755741,1,,"{""answer"": ""True""}"
499,deepseek-chat,conflictqa_strategyqa480_160x3_wood_v2_resplit,Did Holy Land belong to Adamu's tribe?,True,0.9989640292461317,1,,"{""answer"": ""True""}"
669,deepseek-chat,conflictqa_strategyqa480_160x3_wood_v2_resplit,Does  Lionel Richie believe in holistic medicine?,True,0.9961057121838771,1,,"{""answer"": ""True""}"
51,deepseek-chat,conflictqa_strategyqa480_160x3_wood_v2_resplit,Do onions have a form that resembles the inside of a tree?,False,0.8284713557126436,0,,"{""answer"": ""False""}"
664,deepseek-chat,conflictqa_strategyqa480_160x3_wood_v2_resplit,Would a person with Anorexia nervosa be more likely to break a bone than a regular person?,True,0.9999934605403824,1,,"{""answer"": ""True""}"
467,deepseek-chat,conflictqa_strategyqa480_160x3_wood_v2_resplit,Are Citizens of Bern Switzerland are descendants of Genghis Khan?,False,0.9976289837254932,0,,"{""answer"": ""False""}"
143,deepseek-chat,conflictqa_strategyqa480_160x3_wood_v2_resplit,Could you go to New York Public Library and the Six Flags Great Escape in the same day?,True,0.9969795159980086,1,,"{""answer"": ""True""}"
459,deepseek-chat,conflictqa_strategyqa480_160x3_wood_v2_resplit,Are Scottish people Albidosi?,False,0.995322167657259,0,,"{""answer"": ""False""}"
44,deepseek-chat,conflictqa_strategyqa480_160x3_wood_v2_resplit,Does Hades appear in a Disney Channel musical movie?,True,0.990431940824864,1,,"{""answer"": ""True""}"
552,deepseek-chat,conflictqa_strategyqa480_160x3_wood_v2_resplit,Do any video games about the end of civilization have slot machines?,True,0.9973903433622767,1,,"{""answer"": ""True""}"
128,deepseek-chat,conflictqa_strategyqa480_160x3_wood_v2_resplit,Do hyenas appear in a Broadway musical?,True,0.9942206053451268,1,,"{""answer"": ""True""}"
5,deepseek-chat,conflictqa_strategyqa480_160x3_wood_v2_resplit,Would the top of Mount Fuji stick out of the Sea of Japan? ,True,0.9972294701641158,1,,"{""answer"": ""True""}"
33,deepseek-chat,conflictqa_strategyqa480_160x3_wood_v2_resplit,Has Oscar Wilde's most famous character ever been in an Eva Green project?,True,0.9969697363280786,1,,"{""answer"": ""True""}"
675,deepseek-chat,conflictqa_strategyqa480_160x3_wood_v2_resplit,Were paparazzi involved in the death of a member of the royal family?,True,0.999953679749016,1,,"{""answer"": ""True""}"
176,deepseek-chat,conflictqa_strategyqa480_160x3_wood_v2_resplit,Would the author of Little Women have remembered the ratification of the 13th Amendment?,True,0.9984578727307177,1,,"{""answer"": ""True""}"
258,deepseek-chat,conflictqa_strategyqa480_160x3_wood_v2_resplit,Can nitric acid break the Louvre?,False,0.9701331597536174,0,,"{""answer"": ""False""}"
536,deepseek-chat,conflictqa_strategyqa480_160x3_wood_v2_resplit,Does it seem like the Gorillaz is composed of more members than they have?,False,0.9252284049863418,0,,"{""answer"": ""False""}"
281,deepseek-chat,conflictqa_strategyqa480_160x3_wood_v2_resplit,Is it possible for biologist Rachel Carson to have flown to the moon?,False,0.9999776570228509,1,,"{""answer"": ""False""}"
638,deepseek-chat,conflictqa_strategyqa480_160x3_wood_v2_resplit,Are banana trees used by judges for maintaining order?,False,0.9999934605403109,1,,"{""answer"": ""False""}"
175,deepseek-chat,conflictqa_strategyqa480_160x3_wood_v2_resplit,Is material from an aloe plant sometimes enclosed in petroleum-derived products?,True,0.9996736241725676,1,,"{""answer"": ""True""}"
388,deepseek-chat,conflictqa_strategyqa480_160x3_wood_v2_resplit,Was Krishna skilled at using the bow?,True,0.9999934605403966,1,,"{""answer"": ""True""}"
418,deepseek-chat,conflictqa_strategyqa480_160x3_wood_v2_resplit,Can a grey seal swim in the same water as the subject of Moby Dick?,True,0.9999771120784182,1,,"{""answer"": ""True""}"
205,deepseek-chat,conflictqa_strategyqa480_160x3_wood_v2_resplit,Would characters in Harry Potter and the Philosopher's Stone be persecuted as pagans?,False,0.9682317755924528,0,,"{""answer"": ""False""}"
474,deepseek-chat,conflictqa_strategyqa480_160x3_wood_v2_resplit,Are sables related to wolverines?,True,0.9999732974762473,1,,"{""answer"": ""True""}"
597,deepseek-chat,conflictqa_strategyqa480_160x3_wood_v2_resplit,Is Samsung accountable to shareholders?,True,0.9999967302647742,1,,"{""answer"": ""True""}"
618,deepseek-chat,conflictqa_strategyqa480_160x3_wood_v2_resplit,Were there eight humans on Noah's Ark?,False,0.9885376391112989,0,,"{""answer"": ""False""}"
511,deepseek-chat,conflictqa_strategyqa480_160x3_wood_v2_resplit,Is pi in excess of square root of 5?,True,0.9998991880842056,1,,"{""answer"": ""True""}"
231,deepseek-chat,conflictqa_strategyqa480_160x3_wood_v2_resplit,Does Billy Graham support agnosticism?,False,0.9999923706345466,1,,"{""answer"": ""False""}"
559,deepseek-chat,conflictqa_strategyqa480_160x3_wood_v2_resplit,Are people more likely than normal to get sunburn at Burning Man?,True,0.9999193496527998,1,,"{""answer"": ""True""}"
209,deepseek-chat,conflictqa_strategyqa480_160x3_wood_v2_resplit,Was Surfing popular when pogs came out?,True,0.99935879156205,1,,"{""answer"": ""True""}"
652,deepseek-chat,conflictqa_strategyqa480_160x3_wood_v2_resplit,Can you watch Rick and Morty in Mariana Trench?,False,0.9827607559857919,0,,"{""answer"": ""False""}"
22,deepseek-chat,conflictqa_strategyqa480_160x3_wood_v2_resplit,Could ten gallons of seawater crush a six year old?,True,0.8975644295874242,1,,"{""answer"": ""True""}"
576,deepseek-chat,conflictqa_strategyqa480_160x3_wood_v2_resplit,Would a fungal life-form be threatened by a pigment from copper?,True,0.9899365806906097,1,,"{""answer"": ""True""}"
225,deepseek-chat,conflictqa_strategyqa480_160x3_wood_v2_resplit,Could Edward Snowden join MENSA?,True,0.9988840067987733,1,,"{""answer"": ""True""}"
286,deepseek-chat,conflictqa_strategyqa480_160x3_wood_v2_resplit,Did Holy Saturday 2019 have special significance to pot smokers?,True,0.9961323114206225,1,,"{""answer"": ""True""}"
170,deepseek-chat,conflictqa_strategyqa480_160x3_wood_v2_resplit,Did Christopher Columbus break the fifth commandment in Christianity?,True,0.9979030282819997,1,,"{""answer"": ""True""}"
112,deepseek-chat,conflictqa_strategyqa480_160x3_wood_v2_resplit,Is Cholera alive?,True,0.9439099172554586,1,,"{""answer"": ""True""}"
558,deepseek-chat,conflictqa_strategyqa480_160x3_wood_v2_resplit,Could B be mistaken for an Arabic numeral?,False,0.7001836480999462,0,,"{""answer"": ""False""}"
229,deepseek-chat,conflictqa_strategyqa480_160x3_wood_v2_resplit,Would Robert Wadlow tower over a German Shepherd?,True,0.9999743873608664,1,,"{""answer"": ""True""}"
36,deepseek-chat,conflictqa_strategyqa480_160x3_wood_v2_resplit,Did Van Gogh suffer from a mental disorder?,True,0.9999972752199408,1,,"{""answer"": ""True""}"
604,deepseek-chat,conflictqa_strategyqa480_160x3_wood_v2_resplit,Was John Gall from same city as Stanford University?,True,0.9949398435165651,1,,"{""answer"": ""True""}"
448,deepseek-chat,conflictqa_strategyqa480_160x3_wood_v2_resplit,Were mollusks an ingredient in the color purple?,True,0.9996965051495967,1,,"{""answer"": ""True""}"
237,deepseek-chat,conflictqa_strategyqa480_160x3_wood_v2_resplit,Would vegans consider chickpeas for a tuna substitute?,True,0.9994900505549248,1,,"{""answer"": ""True""}"
105,deepseek-chat,conflictqa_strategyqa480_160x3_wood_v2_resplit,Did James Watson's partner in studying the double helix outlive him? ,False,0.9988546123621198,1,,"{""answer"": ""False""}"
481,deepseek-chat,conflictqa_strategyqa480_160x3_wood_v2_resplit,Has type of political association Pompey had with Caesar influenced reality TV?,False,0.9869577883169329,0,,"{""answer"": ""False""}"
333,deepseek-chat,conflictqa_strategyqa480_160x3_wood_v2_resplit,Would a honey badger fit inside an oven?,True,0.9987637129800888,1,,"{""answer"": ""True""}"
446,deepseek-chat,conflictqa_strategyqa480_160x3_wood_v2_resplit,Was Lord Voldemort taught by Professor Dumbledore?,True,0.9975599406403479,1,,"{""answer"": ""True""}"
367,deepseek-chat,conflictqa_strategyqa480_160x3_wood_v2_resplit,Are saltwater crocodiles related to alligators?,True,0.9999738424179584,1,,"{""answer"": ""True""}"
95,deepseek-chat,conflictqa_strategyqa480_160x3_wood_v2_resplit,Would Methuselah hypothetically hold a record in the Common Era?,True,0.9930639783789555,1,,"{""answer"": ""True""}"
212,deepseek-chat,conflictqa_strategyqa480_160x3_wood_v2_resplit,Can first letter row of QWERTY keyboard spell a palindrome?,True,0.9961388255687276,1,,"{""answer"": ""True""}"
168,deepseek-chat,conflictqa_strategyqa480_160x3_wood_v2_resplit,Does ABBA have similar gender configuration to The Mamas & The Papas?,True,0.9999356971694728,1,,"{""answer"": ""True""}"
492,deepseek-chat,conflictqa_strategyqa480_160x3_wood_v2_resplit,Does Nintendo's link ever see an astronomer?,False,0.9126355318948454,0,,"{""answer"": ""False""}"
621,deepseek-chat,conflictqa_strategyqa480_160x3_wood_v2_resplit,Could Cosmic Girls play League of Legends alone?,True,0.9915428139891658,1,,"{""answer"": ""True""}"
591,deepseek-chat,conflictqa_strategyqa480_160x3_wood_v2_resplit,Is Black Lives Matter connected with capsaicin?,False,0.9988399155787976,0,,"{""answer"": ""False""}"
113,deepseek-chat,conflictqa_strategyqa480_160x3_wood_v2_resplit,Would James Cotton's instrument be too strident for a smooth jazz band?,True,0.9917584361608721,1,,"{""answer"": ""True""}"
45,deepseek-chat,conflictqa_strategyqa480_160x3_wood_v2_resplit,Could someone theoretically use an armadillo as a shield?,True,0.9995341705191304,1,,"{""answer"": ""True""}"
411,deepseek-chat,conflictqa_strategyqa480_160x3_wood_v2_resplit,Do flying fish have good eyesight?,True,0.9999776570218223,1,,"{""answer"": ""True""}"
525,deepseek-chat,conflictqa_strategyqa480_160x3_wood_v2_resplit,Does the word swastika have meaning in sanskrit?,True,0.9999471405925505,1,,"{""answer"": ""True""}"
101,deepseek-chat,conflictqa_strategyqa480_160x3_wood_v2_resplit,Is the rise of agriculture attributed to rivers?,True,0.9997918481824392,1,,"{""answer"": ""True""}"
484,deepseek-chat,conflictqa_strategyqa480_160x3_wood_v2_resplit,Would eliminating competition in the Japanese bulk carrier market be profitable for a steel company?,True,0.9958641800581454,1,,"{""answer"": ""True""}"
495,deepseek-chat,conflictqa_strategyqa480_160x3_wood_v2_resplit,Is Disney associated with Los Angeles County?,True,0.9999967302648741,1,,"{""answer"": ""True""}"
646,deepseek-chat,conflictqa_strategyqa480_160x3_wood_v2_resplit,Would Şerafeddin Sabuncuoğlu have eaten Börek?,True,0.9990364360273463,1,,"{""answer"": ""True""}"
241,deepseek-chat,conflictqa_strategyqa480_160x3_wood_v2_resplit,Does welding with acetylene simulate the temperature of a star?,True,0.9919562664624807,1,,"{""answer"": ""True""}"
548,deepseek-chat,conflictqa_strategyqa480_160x3_wood_v2_resplit,Karachi was a part of Alexander the Great's success?,True,0.9362903123631814,1,,"{""answer"": ""True""}"
75,deepseek-chat,conflictqa_strategyqa480_160x3_wood_v2_resplit,Did compact discs make computer gaming more popular?,True,0.9998354365999705,1,,"{""answer"": ""True""}"
575,deepseek-chat,conflictqa_strategyqa480_160x3_wood_v2_resplit,Has Freemasonry been represented on the Moon?,False,0.8657830754733661,0,,"{""answer"": ""False""}"
180,deepseek-chat,conflictqa_strategyqa480_160x3_wood_v2_resplit,Could amoebas have played a part in the Black Death?,True,0.9435344867972784,1,,"{""answer"": ""True""}"
174,deepseek-chat,conflictqa_strategyqa480_160x3_wood_v2_resplit,Could the children of Greek hero Jason hypothetically fill a polo team?,True,0.9951871170353105,1,,"{""answer"": ""True""}"
319,deepseek-chat,conflictqa_strategyqa480_160x3_wood_v2_resplit,Is a pottery kiln inappropriate for use with glass blowing?,False,0.9535095997107497,1,,"{""answer"": ""False""}"
593,deepseek-chat,conflictqa_strategyqa480_160x3_wood_v2_resplit,Could Maroon 5 have hypothetically held a concert at Roman Colosseum?,True,0.9976942255210725,1,,"{""answer"": ""True""}"
322,deepseek-chat,conflictqa_strategyqa480_160x3_wood_v2_resplit,Can an art dealer buy Boeing 737-800 with a Da Vinci painting?,False,0.9953677306237234,0,,"{""answer"": ""False""}"
623,deepseek-chat,conflictqa_strategyqa480_160x3_wood_v2_resplit,Can an adult human skull hypothetically pass through the birth canal?,True,0.8772335696176173,1,,"{""answer"": ""True""}"
358,deepseek-chat,conflictqa_strategyqa480_160x3_wood_v2_resplit,Is it normal to find parsley in multiple sections of the grocery store?,True,0.9997782271952249,1,,"{""answer"": ""True""}"
429,deepseek-chat,conflictqa_strategyqa480_160x3_wood_v2_resplit,Are fossil fuels reducing jobs in the Gulf of Mexico?,True,0.8038602601674321,1,,"{""answer"": ""True""}"
473,deepseek-chat,conflictqa_strategyqa480_160x3_wood_v2_resplit,Are some Brazilian Navy ships built in Britian?,True,0.9999732974762473,1,,"{""answer"": ""True""}"
338,deepseek-chat,conflictqa_strategyqa480_160x3_wood_v2_resplit,Is Mark Cuban able to visit Northern Mariana Islands without a passport?,True,0.9960340605650514,1,,"{""answer"": ""True""}"
130,deepseek-chat,conflictqa_strategyqa480_160x3_wood_v2_resplit,Are there people who are men who experience menstruation?,True,0.9999247987991806,1,,"{""answer"": ""True""}"
581,deepseek-chat,conflictqa_strategyqa480_160x3_wood_v2_resplit,Are Donkeys part of Christmas celebrations?,True,0.9750830940296725,1,,"{""answer"": ""True""}"
275,deepseek-chat,conflictqa_strategyqa480_160x3_wood_v2_resplit,Does Homer Simpson need two hands worth of fingers to count to 5?,False,0.7499705231972554,0,,"{""answer"": ""False""}"
93,deepseek-chat,conflictqa_strategyqa480_160x3_wood_v2_resplit,Did Easy Rider make a profit at the theater when it was released?,True,0.9999923706345895,1,,"{""answer"": ""True""}"
527,deepseek-chat,conflictqa_strategyqa480_160x3_wood_v2_resplit,Would 7 zucchini's satisfy potassium USDA daily recommendation?,True,0.9452235541766688,1,,"{""answer"": ""True""}"
629,deepseek-chat,conflictqa_strategyqa480_160x3_wood_v2_resplit,Would a honey badger's dentures be different from a wolverine's?,True,0.9969599568891114,1,,"{""answer"": ""True""}"
615,deepseek-chat,conflictqa_strategyqa480_160x3_wood_v2_resplit,Would a nickel fit inside a koala pouch?,False,0.7704316673691598,0,,"{""answer"": ""False""}"
372,deepseek-chat,conflictqa_strategyqa480_160x3_wood_v2_resplit,Can a minor replicate the double-slit experiment?,True,0.9996741689523836,1,,"{""answer"": ""True""}"
524,deepseek-chat,conflictqa_strategyqa480_160x3_wood_v2_resplit,Is hanging a viable execution method on a ship at sea?,True,0.999852327619311,1,,"{""answer"": ""True""}"
625,deepseek-chat,conflictqa_strategyqa480_160x3_wood_v2_resplit,Is Eid al-Fitr holiday inappropriate to watch entire US Office?,True,0.9589729024958288,1,,"{""answer"": ""True""}"
235,deepseek-chat,conflictqa_strategyqa480_160x3_wood_v2_resplit,Could the Eiffel Tower be completely submerged at the Arctic Ocean's deepest point?,True,0.985319247430463,1,,"{""answer"": ""True""}"
539,deepseek-chat,conflictqa_strategyqa480_160x3_wood_v2_resplit,Could a wandering albatross fly from Bucharest to New York City without a rest?,True,0.9986336378390148,1,,"{""answer"": ""True""}"
470,deepseek-chat,conflictqa_strategyqa480_160x3_wood_v2_resplit,Does Ludacris have Greek heritage?,False,0.9320171603255194,0,,"{""answer"": ""False""}"
469,deepseek-chat,conflictqa_strategyqa480_160x3_wood_v2_resplit,Is Metallica protective over their music?,True,0.9999929155873802,1,,"{""answer"": ""True""}"
127,deepseek-chat,conflictqa_strategyqa480_160x3_wood_v2_resplit,Can an emu chase a bogan?,True,0.9948552640666113,1,,"{""answer"": ""True""}"
289,deepseek-chat,conflictqa_strategyqa480_160x3_wood_v2_resplit,Are right wing Amreicans opposed to marxism?,True,0.9999961853101331,1,,"{""answer"": ""True""}"
410,deepseek-chat,conflictqa_strategyqa480_160x3_wood_v2_resplit,Did Ice make people rich?,False,0.8411364199383659,0,,"{""answer"": ""False""}"
234,deepseek-chat,conflictqa_strategyqa480_160x3_wood_v2_resplit,Would Kurt Cobain have benefited from Project Semicolon?,True,0.9670595318181112,1,,"{""answer"": ""True""}"
684,deepseek-chat,conflictqa_strategyqa480_160x3_wood_v2_resplit,Is the tibia required for floor exercises?,True,0.9810398963622483,1,,"{""answer"": ""True""}"
167,deepseek-chat,conflictqa_strategyqa480_160x3_wood_v2_resplit,Is Mozambique Drill an easy shot for United States Army Ranger?,True,0.8959444173852846,1,,"{""answer"": ""True""}"
295,deepseek-chat,conflictqa_strategyqa480_160x3_wood_v2_resplit,Would Library of Alexandria need less shelf space than Library of Congress?,True,0.9241021839322026,1,,"{""answer"": ""True""}"
545,deepseek-chat,conflictqa_strategyqa480_160x3_wood_v2_resplit,Is a felony jury enough people for a Bunco game?,True,0.9632489037717308,1,,"{""answer"": ""True""}"
6,deepseek-chat,conflictqa_strategyqa480_160x3_wood_v2_resplit,Is there a warthog on Broadway?,True,0.9832450233066997,1,,"{""answer"": ""True""}"
85,deepseek-chat,conflictqa_strategyqa480_160x3_wood_v2_resplit,Can a quarter fit inside of a human kidney?,True,0.9841241712786036,1,,"{""answer"": ""True""}"
207,deepseek-chat,conflictqa_strategyqa480_160x3_wood_v2_resplit,Would nickel boil in the outer core of the earth?,True,0.9977007499919144,1,,"{""answer"": ""True""}"
579,deepseek-chat,conflictqa_strategyqa480_160x3_wood_v2_resplit,Do people watching Coen brothers films in Guinea Bissau need subtitles?,True,0.9925202444059464,1,,"{""answer"": ""True""}"
634,deepseek-chat,conflictqa_strategyqa480_160x3_wood_v2_resplit,Could Eddie Murphy's children hypothetically fill a basketball court by themselves?,False,0.8495459535583957,0,,"{""answer"": ""False""}"
438,deepseek-chat,conflictqa_strategyqa480_160x3_wood_v2_resplit,Did any cultures associate celery with death?,True,0.9998496032412408,1,,"{""answer"": ""True""}"
616,deepseek-chat,conflictqa_strategyqa480_160x3_wood_v2_resplit,"When the shuttle Columbia 11 landed, was it the season for Christmas carols?",True,0.9984997706156583,1,,"{""answer"": ""True""}"
288,deepseek-chat,conflictqa_strategyqa480_160x3_wood_v2_resplit,Can a sea turtle play tennis using a tennis racket?,False,0.9999564044100296,1,,"{""answer"": ""False""}"
8,deepseek-chat,conflictqa_strategyqa480_160x3_wood_v2_resplit,Could Robert Wadlow hypothetically see Frankenstein's monster's bald spot from above?,True,0.9988801963489506,1,,"{""answer"": ""True""}"
580,deepseek-chat,conflictqa_strategyqa480_160x3_wood_v2_resplit,Is Great Pyramid of Giza the last wonder of its kind?,True,0.999600626471633,1,,"{""answer"": ""True""}"
4,deepseek-chat,conflictqa_strategyqa480_160x3_wood_v2_resplit,Is Dustin Hoffman one of the B'nei Yisrael?,True,0.9777377465413569,1,,"{""answer"": ""True""}"
577,deepseek-chat,conflictqa_strategyqa480_160x3_wood_v2_resplit,Do the telescopes at Goldstone Deep Space Communications Complex work the night shift?,True,0.9997776823602441,1,,"{""answer"": ""True""}"
164,deepseek-chat,conflictqa_strategyqa480_160x3_wood_v2_resplit,Is Bugs Bunny known for carrying a root vegetable around with him?,True,0.9999525898864806,1,,"{""answer"": ""True""}"
461,deepseek-chat,conflictqa_strategyqa480_160x3_wood_v2_resplit,NATO doesn't recognize double triangle flag countries?,True,0.9988693095566961,1,,"{""answer"": ""True""}"
16,deepseek-chat,conflictqa_strategyqa480_160x3_wood_v2_resplit,Is double duty an incorrect phrase for host of Dancing With The Stars?,False,0.9885209392266401,1,,"{""answer"": ""False""}"
478,deepseek-chat,conflictqa_strategyqa480_160x3_wood_v2_resplit,Could the leader of Heaven's Gate save images in JPEG format?,True,0.9972843598839386,1,,"{""answer"": ""True""}"
341,deepseek-chat,conflictqa_strategyqa480_160x3_wood_v2_resplit,Is Final Fantasy VI closer to beginning than end of its franchise?,True,0.9989618516797849,1,,"{""answer"": ""True""}"
298,deepseek-chat,conflictqa_strategyqa480_160x3_wood_v2_resplit,Was Darth Vader monogamous?,True,0.9481931589123793,1,,"{""answer"": ""True""}"
13,deepseek-chat,conflictqa_strategyqa480_160x3_wood_v2_resplit,Did any country in Portuguese Colonial War share Switzerlands role in WWII?,True,0.9716002996535531,1,,"{""answer"": ""True""}"
513,deepseek-chat,conflictqa_strategyqa480_160x3_wood_v2_resplit,Would Doctor Strange like the Pittsburgh Steelers logo?,True,0.9861373715618004,1,,"{""answer"": ""True""}"
263,deepseek-chat,conflictqa_strategyqa480_160x3_wood_v2_resplit,Was Mozart accused of stealing from Richard Wagner?,False,0.9999929155873802,1,,"{""answer"": ""False""}"
291,deepseek-chat,conflictqa_strategyqa480_160x3_wood_v2_resplit,Did Barack Obama participate in the Reformation?,False,0.9999934605405252,1,,"{""answer"": ""False""}"
368,deepseek-chat,conflictqa_strategyqa480_160x3_wood_v2_resplit,Did Rosalind Franklin contribute to work that led to Whole Genome Sequencing?,True,0.9940076980744019,1,,"{""answer"": ""True""}"
103,deepseek-chat,conflictqa_strategyqa480_160x3_wood_v2_resplit,Were the Great Pyramids built by a theocratic government?,True,0.8959043823635369,1,,"{""answer"": ""True""}"
135,deepseek-chat,conflictqa_strategyqa480_160x3_wood_v2_resplit,4 Krispy Kreme glazed doughnuts exceed AHA  daily sugar allowance?,True,0.9997493513180166,1,,"{""answer"": ""True""}"
287,deepseek-chat,conflictqa_strategyqa480_160x3_wood_v2_resplit,Is shoe soup innocuous?,True,0.9445371675477016,1,,"{""answer"": ""True""}"
3,deepseek-chat,conflictqa_strategyqa480_160x3_wood_v2_resplit,Is average number of peas in a pod enough commas for a billion?,False,0.9539035546506288,0,,"{""answer"": ""False""}"
66,deepseek-chat,conflictqa_strategyqa480_160x3_wood_v2_resplit,Do human sacrums have more fused vertebrae than an Alaskan Malamute?,True,0.996788831993788,1,,"{""answer"": ""True""}"
111,deepseek-chat,conflictqa_strategyqa480_160x3_wood_v2_resplit,Is menthol associated with Christmas?,True,0.9994508344481735,1,,"{""answer"": ""True""}"
565,deepseek-chat,conflictqa_strategyqa480_160x3_wood_v2_resplit,Are coopers required in the beverage industry?,True,0.9975061230770009,1,,"{""answer"": ""True""}"
643,deepseek-chat,conflictqa_strategyqa480_160x3_wood_v2_resplit,Would a kaffir lime be a good ingredient for making a candle?,True,0.9892888869977515,1,,"{""answer"": ""True""}"
178,deepseek-chat,conflictqa_strategyqa480_160x3_wood_v2_resplit,Can Hulk's alter ego explain atomic events?,True,0.9881611523619268,1,,"{""answer"": ""True""}"
41,deepseek-chat,conflictqa_strategyqa480_160x3_wood_v2_resplit,Could you read The Atlantic magazine during the Games of the XXII Olympiad?,True,0.9980455177221919,1,,"{""answer"": ""True""}"
560,deepseek-chat,conflictqa_strategyqa480_160x3_wood_v2_resplit,Do you often hear Marco Polo's name shouted near water?,True,0.9462502016093779,1,,"{""answer"": ""True""}"
391,deepseek-chat,conflictqa_strategyqa480_160x3_wood_v2_resplit,Do Koalas prefer Eucalyptus over meat?,True,0.9999945504473774,1,,"{""answer"": ""True""}"
453,deepseek-chat,conflictqa_strategyqa480_160x3_wood_v2_resplit,Are red legs a sign of failing health in those with Anorexia Nervosa?,True,0.9971849085794064,1,,"{""answer"": ""True""}"
534,deepseek-chat,conflictqa_strategyqa480_160x3_wood_v2_resplit,"In isopropyl alcohol, is the solubility of salt low?",True,0.9999967302648456,1,,"{""answer"": ""True""}"
644,deepseek-chat,conflictqa_strategyqa480_160x3_wood_v2_resplit,Does the art from Family Guy look a lot like the art in American Dad?,True,0.9999569493413776,1,,"{""answer"": ""True""}"
89,deepseek-chat,conflictqa_strategyqa480_160x3_wood_v2_resplit,Does the book Revolutionary Road give a glimpse at life in a suburb?,True,0.9999814716424379,1,,"{""answer"": ""True""}"
34,deepseek-chat,conflictqa_strategyqa480_160x3_wood_v2_resplit,Do frogs feel disgust?,True,0.9833430844132124,1,,"{""answer"": ""True""}"
488,deepseek-chat,conflictqa_strategyqa480_160x3_wood_v2_resplit,Does a Disney princess on Broadway have red hair?,True,0.9986777199574418,1,,"{""answer"": ""True""}"
541,deepseek-chat,conflictqa_strategyqa480_160x3_wood_v2_resplit,Do you need both hot and cold water to peel a tomato?,False,0.9160467298418897,0,,"{""answer"": ""False""}"
685,deepseek-chat,conflictqa_strategyqa480_160x3_wood_v2_resplit,Is Europa linked to Viennese waltzes?,False,0.8874977050973482,0,,"{""answer"": ""False""}"
487,deepseek-chat,conflictqa_strategyqa480_160x3_wood_v2_resplit,Would 1943-S penny be good for making silverware?,False,0.994035324518217,0,,"{""answer"": ""False""}"
239,deepseek-chat,conflictqa_strategyqa480_160x3_wood_v2_resplit,Was Achilles a direct descendent of Gaia?,True,0.9816645360968951,1,,"{""answer"": ""True""}"
226,deepseek-chat,conflictqa_strategyqa480_160x3_wood_v2_resplit,Were French people involved in the American Civil War?,True,0.9999869211238293,1,,"{""answer"": ""True""}"
523,deepseek-chat,conflictqa_strategyqa480_160x3_wood_v2_resplit,"If you're pregnant, might you be recommended ginger?",True,0.9999923706346323,1,,"{""answer"": ""True""}"
613,deepseek-chat,conflictqa_strategyqa480_160x3_wood_v2_resplit,Can you put bitcoin in your pocket?,False,0.9845425780462969,0,,"{""answer"": ""False""}"
156,deepseek-chat,conflictqa_strategyqa480_160x3_wood_v2_resplit,Has Nikola Tesla's name inspired multiple brands?,True,0.9999831064834399,1,,"{""answer"": ""True""}"
351,deepseek-chat,conflictqa_strategyqa480_160x3_wood_v2_resplit,Can printing books in kanji instead of the Roman alphabet save trees?,False,0.8813804295263603,0,,"{""answer"": ""False""}"
573,deepseek-chat,conflictqa_strategyqa480_160x3_wood_v2_resplit,If it socially acceptable to wear an icon depicting crucifixion? ,True,0.9997226554825318,1,,"{""answer"": ""True""}"
564,deepseek-chat,conflictqa_strategyqa480_160x3_wood_v2_resplit,Does an individual oceanographer study many sciences?,True,0.9982756104317879,1,,"{""answer"": ""True""}"
196,deepseek-chat,conflictqa_strategyqa480_160x3_wood_v2_resplit,Was Ariana Grande inspired by Imogen Heap?,True,0.9999912807300273,1,,"{""answer"": ""True""}"
419,deepseek-chat,conflictqa_strategyqa480_160x3_wood_v2_resplit,Does the name C-SPAN refer to a form of telecommunications that utilizes outer space?,False,0.9996670868580108,0,,"{""answer"": ""False""}"
516,deepseek-chat,conflictqa_strategyqa480_160x3_wood_v2_resplit,Did Subway have a sex offender as a spokesperson?,True,0.9994083520795679,1,,"{""answer"": ""True""}"
383,deepseek-chat,conflictqa_strategyqa480_160x3_wood_v2_resplit,Would Dave Chappelle pray over a Quran?,False,0.9170956615807709,0,,"{""answer"": ""False""}"
107,deepseek-chat,conflictqa_strategyqa480_160x3_wood_v2_resplit,Can children be hurt by jalapeno peppers?,True,0.9999662132525993,1,,"{""answer"": ""True""}"
428,deepseek-chat,conflictqa_strategyqa480_160x3_wood_v2_resplit,Does having lip piercings lead to more expensive dental bills?,True,0.9751537698748954,1,,"{""answer"": ""True""}"
61,deepseek-chat,conflictqa_strategyqa480_160x3_wood_v2_resplit,Did Sartre write a play about Hell?,True,0.9999929155873374,1,,"{""answer"": ""True""}"
191,deepseek-chat,conflictqa_strategyqa480_160x3_wood_v2_resplit,Did children read Harry Potter and the Philosopher's Stone during the Albanian Civil War?,True,0.9700210856732333,1,,"{""answer"": ""True""}"
88,deepseek-chat,conflictqa_strategyqa480_160x3_wood_v2_resplit,Does selling a 2020 Chevrolet Corvette almost pay for a year at Columbia University?,True,0.9420984330206803,1,,"{""answer"": ""True""}"
421,deepseek-chat,conflictqa_strategyqa480_160x3_wood_v2_resplit,Did Johann Sebastian Bach influence heavy metal?,True,0.9977948151734547,1,,"{""answer"": ""True""}"
377,deepseek-chat,conflictqa_strategyqa480_160x3_wood_v2_resplit,Are ropes required to operate a frigate?,True,0.9534565987843617,1,,"{""answer"": ""True""}"
344,deepseek-chat,conflictqa_strategyqa480_160x3_wood_v2_resplit,Are eagles and young bears both used as labels for skills-training youth groups?,True,0.9932691056329892,1,,"{""answer"": ""True""}"
90,deepseek-chat,conflictqa_strategyqa480_160x3_wood_v2_resplit,Does Buddy The Elf know anyone who works in publishing?,True,0.9611923306226027,1,,"{""answer"": ""True""}"
304,deepseek-chat,conflictqa_strategyqa480_160x3_wood_v2_resplit,Has the creator of Futurama lived in multiple centuries?,True,0.9999972752199551,1,,"{""answer"": ""True""}"
215,deepseek-chat,conflictqa_strategyqa480_160x3_wood_v2_resplit,Did any Golden Globe winners attend John Kerry's alma mater?,True,0.9996796167775264,1,,"{""answer"": ""True""}"
305,deepseek-chat,conflictqa_strategyqa480_160x3_wood_v2_resplit,Did Pink Floyd have a song about the French Riviera?,False,0.7709499377807171,0,,"{""answer"": ""False""}"
317,deepseek-chat,conflictqa_strategyqa480_160x3_wood_v2_resplit,Would drinking a glass of lemonade provide Vitamin C?,True,0.9999912807298273,1,,"{""answer"": ""True""}"
477,deepseek-chat,conflictqa_strategyqa480_160x3_wood_v2_resplit,Would Kylee Jenner ask for no cream in her coffee?,True,0.993579312402852,1,,"{""answer"": ""True""}"
681,deepseek-chat,conflictqa_strategyqa480_160x3_wood_v2_resplit,Is the tongue part of a creature's head?,True,0.9999934605403966,1,,"{""answer"": ""True""}"
620,deepseek-chat,conflictqa_strategyqa480_160x3_wood_v2_resplit,Is anyone at the Last Supper celebrated in Islam?,True,0.9916471067227014,1,,"{""answer"": ""True""}"
670,deepseek-chat,conflictqa_strategyqa480_160x3_wood_v2_resplit,Were the first missionaries required to attend mass on Sundays?,True,0.9999743873602236,1,,"{""answer"": ""True""}"
682,deepseek-chat,conflictqa_strategyqa480_160x3_wood_v2_resplit,Does Coast to Coast AM have more longevity than the Rush Limbaugh show?,False,0.9190158143386313,0,,"{""answer"": ""False""}"
194,deepseek-chat,conflictqa_strategyqa480_160x3_wood_v2_resplit,Did any of Maya Angelou's children follow in her footsteps?,True,0.9664283852626833,1,,"{""answer"": ""True""}"
466,deepseek-chat,conflictqa_strategyqa480_160x3_wood_v2_resplit,Is a krabby patty similar to a cheeseburger?,True,0.9999531348175641,1,,"{""answer"": ""True""}"
159,deepseek-chat,conflictqa_strategyqa480_160x3_wood_v2_resplit,Would a tool used for Martin Luther's Reformation opening salvo aid in a crucifixion?,False,0.969250136100127,0,,"{""answer"": ""False""}"
104,deepseek-chat,conflictqa_strategyqa480_160x3_wood_v2_resplit,Does the central processing unit usually have a dedicated fan?,True,0.9999972752199551,1,,"{""answer"": ""True""}"
331,deepseek-chat,conflictqa_strategyqa480_160x3_wood_v2_resplit,Is it safe to eat kidney?,False,0.8283923469835663,0,,"{""answer"": ""False""}"
169,deepseek-chat,conflictqa_strategyqa480_160x3_wood_v2_resplit,Has Justin Timberlake ever written a song about Britney Spears?,True,0.9999073616431119,1,,"{""answer"": ""True""}"
463,deepseek-chat,conflictqa_strategyqa480_160x3_wood_v2_resplit,Does table tennis use prime numbers?,False,0.9957990578647454,0,,"{""answer"": ""False""}"
280,deepseek-chat,conflictqa_strategyqa480_160x3_wood_v2_resplit,Did Confederate States Army influence West Point fashion?,True,0.9998855656342116,1,,"{""answer"": ""True""}"
173,deepseek-chat,conflictqa_strategyqa480_160x3_wood_v2_resplit,Could modern Brazilian Navy have hypothetically turned the tide in Battle of Actium?,False,0.9995630401959116,0,,"{""answer"": ""False""}"
337,deepseek-chat,conflictqa_strategyqa480_160x3_wood_v2_resplit,Is basil safe from Hypervitaminosis D?,True,0.9995864633588146,1,,"{""answer"": ""True""}"
290,deepseek-chat,conflictqa_strategyqa480_160x3_wood_v2_resplit,Can Stone Cold Steve Austin apply his finisher to a mule deer?,True,0.9846933546625081,1,,"{""answer"": ""True""}"
557,deepseek-chat,conflictqa_strategyqa480_160x3_wood_v2_resplit,Can COVID-19 spread to maritime pilots?,True,0.9998915594869546,1,,"{""answer"": ""True""}"
426,deepseek-chat,conflictqa_strategyqa480_160x3_wood_v2_resplit,Does the Taco Bell kitchen contain cinnamon?,True,0.9288602768184945,1,,"{""answer"": ""True""}"
360,deepseek-chat,conflictqa_strategyqa480_160x3_wood_v2_resplit,Is Christopher Nolan indebted to Bob Kane?,True,0.9918103222406401,1,,"{""answer"": ""True""}"
277,deepseek-chat,conflictqa_strategyqa480_160x3_wood_v2_resplit,Is Rand Paul guilty of catch-phrase used to attack John Kerry in 2004?,True,0.9871740274086188,1,,"{""answer"": ""True""}"
318,deepseek-chat,conflictqa_strategyqa480_160x3_wood_v2_resplit,Are human footprints absent from Mount Sharp?,True,0.9841188074759102,1,,"{""answer"": ""True""}"
223,deepseek-chat,conflictqa_strategyqa480_160x3_wood_v2_resplit,Does Hanuman have some of the same duties as Athena?,True,0.8543614378747771,1,,"{""answer"": ""True""}"
213,deepseek-chat,conflictqa_strategyqa480_160x3_wood_v2_resplit,Have any members of the 2020 British royal family allegedly committed a felony?,True,0.9824662409363154,1,,"{""answer"": ""True""}"
313,deepseek-chat,conflictqa_strategyqa480_160x3_wood_v2_resplit,Is LG Electronics located in a city with an official bird that has a purplish/blue tail?,True,0.9989732839509273,1,,"{""answer"": ""True""}"
336,deepseek-chat,conflictqa_strategyqa480_160x3_wood_v2_resplit,Is Elijah part of a Jewish holiday?,True,0.9967241925626027,1,,"{""answer"": ""True""}"
551,deepseek-chat,conflictqa_strategyqa480_160x3_wood_v2_resplit,Can lettuce result in spontaneous abortion?,True,0.9811313214155813,1,,"{""answer"": ""True""}"
425,deepseek-chat,conflictqa_strategyqa480_160x3_wood_v2_resplit,Did Malcolm X avoid eating ham?,True,0.9999476855202644,1,,"{""answer"": ""True""}"
356,deepseek-chat,conflictqa_strategyqa480_160x3_wood_v2_resplit,Would an aerodynamic cactus benefit from more frequently closed stomata?,False,0.9293721724445158,0,,"{""answer"": ""False""}"
606,deepseek-chat,conflictqa_strategyqa480_160x3_wood_v2_resplit,Did Gladiator's weapon of choice require less hands than Soul Calibur's Faust?,True,0.9981271047755017,1,,"{""answer"": ""True""}"
151,deepseek-chat,conflictqa_strategyqa480_160x3_wood_v2_resplit,Is there historic graffiti on Alcatraz?,True,0.9999869211238293,1,,"{""answer"": ""True""}"
355,deepseek-chat,conflictqa_strategyqa480_160x3_wood_v2_resplit,Does Hammurabi's Code violate Christians Golden Rule?,True,0.9965460482765681,1,,"{""answer"": ""True""}"
149,deepseek-chat,conflictqa_strategyqa480_160x3_wood_v2_resplit,Is a paraplegic suitable for conducting an orchestra?,True,0.9879640791545635,1,,"{""answer"": ""True""}"
117,deepseek-chat,conflictqa_strategyqa480_160x3_wood_v2_resplit,Is Maruti Suzuki Baleno an efficient car for Linus Torvald's family?,True,0.9757884872739788,1,,"{""answer"": ""True""}"
422,deepseek-chat,conflictqa_strategyqa480_160x3_wood_v2_resplit,Can Poland Spring make money in the Sahara?,False,0.9893169211995673,0,,"{""answer"": ""False""}"
382,deepseek-chat,conflictqa_strategyqa480_160x3_wood_v2_resplit,Is a jellyfish safe from atherosclerosis?,True,0.9950770293394899,1,,"{""answer"": ""True""}"
71,deepseek-chat,conflictqa_strategyqa480_160x3_wood_v2_resplit,Does Amtrak operate four wheel vehicles?,False,0.9988703981821697,0,,"{""answer"": ""False""}"
269,deepseek-chat,conflictqa_strategyqa480_160x3_wood_v2_resplit,Can Aerosmith fit in a 2020 Mitsubishi Outlander?,False,0.852936518720722,0,,"{""answer"": ""False""}"
556,deepseek-chat,conflictqa_strategyqa480_160x3_wood_v2_resplit,Would Michael Phelps be good at pearl hunting?,True,0.9568722686174324,1,,"{""answer"": ""True""}"
500,deepseek-chat,conflictqa_strategyqa480_160x3_wood_v2_resplit,Was John George Bice's birthplace near Cornwall?,True,0.9996480199035479,1,,"{""answer"": ""True""}"
160,deepseek-chat,conflictqa_strategyqa480_160x3_wood_v2_resplit,Will Ahura Mazda have to look down to see Abaddon's dwelling??,True,0.9894376950527928,1,,"{""answer"": ""True""}"
423,deepseek-chat,conflictqa_strategyqa480_160x3_wood_v2_resplit,Could the Powepuff Girls make the background to the Azerbaijani flag?,True,0.9463729380560878,1,,"{""answer"": ""True""}"
420,deepseek-chat,conflictqa_strategyqa480_160x3_wood_v2_resplit,Are flag of Gabon colors found in rainbow?,True,0.9933124096484681,1,,"{""answer"": ""True""}"
584,deepseek-chat,conflictqa_strategyqa480_160x3_wood_v2_resplit,Would half muggle wizards fear Lord Voldemort?,True,0.9998779371359919,1,,"{""answer"": ""True""}"
504,deepseek-chat,conflictqa_strategyqa480_160x3_wood_v2_resplit,Could chives be mistaken for grass?,True,0.9997978414808021,1,,"{""answer"": ""True""}"
132,deepseek-chat,conflictqa_strategyqa480_160x3_wood_v2_resplit,Would Richard Dawkins hypothetically refuse an offering of the Last rites?,True,0.9977681715136185,1,,"{""answer"": ""True""}"
493,deepseek-chat,conflictqa_strategyqa480_160x3_wood_v2_resplit,Does the swastika have positive uses?,True,0.9996654525344876,1,,"{""answer"": ""True""}"
78,deepseek-chat,conflictqa_strategyqa480_160x3_wood_v2_resplit,Are there enough Jonny Cash records in the world to give one to each French citizen?,False,0.9935376210722652,0,,"{""answer"": ""False""}"
172,deepseek-chat,conflictqa_strategyqa480_160x3_wood_v2_resplit,Did a Polish poet write sonnets about Islamic religion?,True,0.9982739784212217,1,,"{""answer"": ""True""}"
310,deepseek-chat,conflictqa_strategyqa480_160x3_wood_v2_resplit,Is there radiation where Nikola Tesla once worked?,True,0.9999673031299972,1,,"{""answer"": ""True""}"
23,deepseek-chat,conflictqa_strategyqa480_160x3_wood_v2_resplit,Could a giant squid fit aboard the deck of the titanic?,True,0.995704095498248,1,,"{""answer"": ""True""}"
614,deepseek-chat,conflictqa_strategyqa480_160x3_wood_v2_resplit,Does Masaharu Morimoto rely on glutamic acid?,True,0.9977812213526556,1,,"{""answer"": ""True""}"
210,deepseek-chat,conflictqa_strategyqa480_160x3_wood_v2_resplit,Can Centurylink max internet plan upload 1000GB in a fortnight?,True,0.9884773056989546,1,,"{""answer"": ""True""}"
253,deepseek-chat,conflictqa_strategyqa480_160x3_wood_v2_resplit,Can you hide a pet macaque under your desk?,True,0.984727699170426,1,,"{""answer"": ""True""}"
39,deepseek-chat,conflictqa_strategyqa480_160x3_wood_v2_resplit,"At a presentation about post traumatic stress disorder, would Ariana Grande be a topic of relevance?",True,0.9976365950504741,1,,"{""answer"": ""True""}"
301,deepseek-chat,conflictqa_strategyqa480_160x3_wood_v2_resplit,Would Jimmy Vee be eligible to compete in the Paralympic Games?,True,0.9992983419783551,1,,"{""answer"": ""True""}"
193,deepseek-chat,conflictqa_strategyqa480_160x3_wood_v2_resplit,Could an NBA game be completed within the span of the Six-Day War?,True,0.9949165292091805,1,,"{""answer"": ""True""}"
43,deepseek-chat,conflictqa_strategyqa480_160x3_wood_v2_resplit,Is Britney Spears' breakdown attributed to bipolar disorder?,True,0.9983909487572646,1,,"{""answer"": ""True""}"
1,deepseek-chat,conflictqa_strategyqa480_160x3_wood_v2_resplit,Is a Boeing 737 cost covered by Wonder Woman (2017 film) box office receipts?,False,0.995555972532377,0,,"{""answer"": ""False""}"
228,deepseek-chat,conflictqa_strategyqa480_160x3_wood_v2_resplit,Is accountant a difficult profession for a person suffering from Dyscalculia?,True,0.999982561536466,1,,"{""answer"": ""True""}"
252,deepseek-chat,conflictqa_strategyqa480_160x3_wood_v2_resplit,Can Josh Blue participate in Paralympics Games? ,True,0.9999193496527998,1,,"{""answer"": ""True""}"
374,deepseek-chat,conflictqa_strategyqa480_160x3_wood_v2_resplit,Would the crew of Apollo 15 have difficulty riding a unicycle?,True,0.9906106117895721,1,,"{""answer"": ""True""}"
574,deepseek-chat,conflictqa_strategyqa480_160x3_wood_v2_resplit,Was the man who played the male lead in Mrs. Doubtfire known for his humour?,True,0.9999950954013133,1,,"{""answer"": ""True""}"
412,deepseek-chat,conflictqa_strategyqa480_160x3_wood_v2_resplit,Is xenophobia hypothetically unimportant between Saladin and Ali Askari?,False,0.9716363049677492,0,,"{""answer"": ""False""}"
476,deepseek-chat,conflictqa_strategyqa480_160x3_wood_v2_resplit,Does Nicole Kidman know any Scientologists?,True,0.999914990357153,1,,"{""answer"": ""True""}"
570,deepseek-chat,conflictqa_strategyqa480_160x3_wood_v2_resplit,Does Nigella Lawson care about solubility?,True,0.9647266618451422,1,,"{""answer"": ""True""}"
257,deepseek-chat,conflictqa_strategyqa480_160x3_wood_v2_resplit,Does autopilot rely on fossil fuels?,True,0.9711418773291768,1,,"{""answer"": ""True""}"
475,deepseek-chat,conflictqa_strategyqa480_160x3_wood_v2_resplit,Was Noah concerned with buoyancy?,True,0.9759528162659928,1,,"{""answer"": ""True""}"
233,deepseek-chat,conflictqa_strategyqa480_160x3_wood_v2_resplit,Could Goofy have counted nine planets in his first year?,True,0.9648034218722362,1,,"{""answer"": ""True""}"
19,deepseek-chat,conflictqa_strategyqa480_160x3_wood_v2_resplit,Can you write a whole Haiku in a single tweet?,True,0.9997705995305981,1,,"{""answer"": ""True""}"
464,deepseek-chat,conflictqa_strategyqa480_160x3_wood_v2_resplit,Can you conduct surveillance from a teddy bear?,True,0.9991605741580166,1,,"{""answer"": ""True""}"
598,deepseek-chat,conflictqa_strategyqa480_160x3_wood_v2_resplit,Is Alan Alda old enough to have fought in the Vietnam War?,True,0.9825813585368427,1,,"{""answer"": ""True""}"
236,deepseek-chat,conflictqa_strategyqa480_160x3_wood_v2_resplit,Do the directors of The Matrix advocate for transgender rights?,True,0.9999525898864949,1,,"{""answer"": ""True""}"
312,deepseek-chat,conflictqa_strategyqa480_160x3_wood_v2_resplit,Could Al Capone have read works from the Harlem Renaissance?,True,0.9948997217437721,1,,"{""answer"": ""True""}"
221,deepseek-chat,conflictqa_strategyqa480_160x3_wood_v2_resplit,Are paratroopers good at mountain rescue?,True,0.9625777541046637,1,,"{""answer"": ""True""}"
696,deepseek-chat,conflictqa_strategyqa480_160x3_wood_v2_resplit,Are amoebas safe from breast cancer?,True,0.9997618822549172,1,,"{""answer"": ""True""}"
163,deepseek-chat,conflictqa_strategyqa480_160x3_wood_v2_resplit,"Would moon cakes be easy to find in Chinatown, Manhattan?",True,0.9999978201753615,1,,"{""answer"": ""True""}"
386,deepseek-chat,conflictqa_strategyqa480_160x3_wood_v2_resplit,Does Düsseldorf have only a small number of smoggy days each year?,True,0.9999422362544894,1,,"{""answer"": ""True""}"
30,deepseek-chat,conflictqa_strategyqa480_160x3_wood_v2_resplit,Would baker's dozen of side by side Mac Trucks jam up Golden Gate Bridge?,True,0.9952646738910446,1,,"{""answer"": ""True""}"
272,deepseek-chat,conflictqa_strategyqa480_160x3_wood_v2_resplit,Was England directly involved in the Arab-Israeli conflict?,True,0.992607871037471,1,,"{""answer"": ""True""}"
589,deepseek-chat,conflictqa_strategyqa480_160x3_wood_v2_resplit,Can jackfruit be used as a weapon?,True,0.9991001365788418,1,,"{""answer"": ""True""}"
586,deepseek-chat,conflictqa_strategyqa480_160x3_wood_v2_resplit,Would the yearly precipitation on Snowdon submerge an upright bowling pin?,True,0.990617089880971,1,,"{""answer"": ""True""}"
483,deepseek-chat,conflictqa_strategyqa480_160x3_wood_v2_resplit,Are some chiropractic manipulations dangerous?,True,0.9999782019678234,1,,"{""answer"": ""True""}"
460,deepseek-chat,conflictqa_strategyqa480_160x3_wood_v2_resplit,Was Los Angeles Memorial Sports Arena hypothetically inadequate for hosting Coachella?,True,0.9924607494213424,1,,"{""answer"": ""True""}"
308,deepseek-chat,conflictqa_strategyqa480_160x3_wood_v2_resplit,Would you have to wear a coat when on Phobos?,True,0.978961343253904,1,,"{""answer"": ""True""}"
106,deepseek-chat,conflictqa_strategyqa480_160x3_wood_v2_resplit,Would it be difficult to host Stanley Cup Finals at Rock in Rio?,True,0.9949479765584037,1,,"{""answer"": ""True""}"
683,deepseek-chat,conflictqa_strategyqa480_160x3_wood_v2_resplit,Is the E.T. the Extra-Terrestrial Atari Landfill story an urban legend?,True,0.9949208668134644,1,,"{""answer"": ""True""}"
635,deepseek-chat,conflictqa_strategyqa480_160x3_wood_v2_resplit,Did Sony definitively win the video game war against Sega?,True,0.9994154322985284,1,,"{""answer"": ""True""}"
538,deepseek-chat,conflictqa_strategyqa480_160x3_wood_v2_resplit,Do depressed people travel to the Golden Gate Bridge often?,False,0.9988818294048636,0,,"{""answer"": ""False""}"
482,deepseek-chat,conflictqa_strategyqa480_160x3_wood_v2_resplit,Paleography hypothetically helps to understand Cthulhu?,False,0.9102543639302513,0,,"{""answer"": ""False""}"
676,deepseek-chat,conflictqa_strategyqa480_160x3_wood_v2_resplit,Were karaoke and the turtle power tiller patented in the same country?,True,0.9915552420088443,1,,"{""answer"": ""True""}"
553,deepseek-chat,conflictqa_strategyqa480_160x3_wood_v2_resplit,Would a black widow woman have use for peaches?,True,0.9845200435310673,1,,"{""answer"": ""True""}"
152,deepseek-chat,conflictqa_strategyqa480_160x3_wood_v2_resplit,Did Polar Bears roam around in Ancient Greece?,False,0.9999929155872945,1,,"{""answer"": ""False""}"
48,deepseek-chat,conflictqa_strategyqa480_160x3_wood_v2_resplit,Does a Generation Y member satisfy NYPD police officer age requirement?,True,0.9996937811953375,1,,"{""answer"": ""True""}"
76,deepseek-chat,conflictqa_strategyqa480_160x3_wood_v2_resplit,Do storks need golden toads to survive?,False,0.9999863761744338,1,,"{""answer"": ""False""}"
517,deepseek-chat,conflictqa_strategyqa480_160x3_wood_v2_resplit,Is there a Yeti associated with Disney theme parks?,True,0.9946893790432061,1,,"{""answer"": ""True""}"
381,deepseek-chat,conflictqa_strategyqa480_160x3_wood_v2_resplit,Is the Riksdag a political entity in Scandinavia?,True,0.9999961853099759,1,,"{""answer"": ""True""}"
452,deepseek-chat,conflictqa_strategyqa480_160x3_wood_v2_resplit,"In teenagers and young adults with depression, are SSRI medications less safe than they are for adults?",True,0.9993609700242099,1,,"{""answer"": ""True""}"
590,deepseek-chat,conflictqa_strategyqa480_160x3_wood_v2_resplit,Do the James Bond and Doctor Who series have a similarity in format?,True,0.9999771120773754,1,,"{""answer"": ""True""}"
177,deepseek-chat,conflictqa_strategyqa480_160x3_wood_v2_resplit,Does US brand Nice depend on Western honey bee?,True,0.9925213263394413,1,,"{""answer"": ""True""}"
242,deepseek-chat,conflictqa_strategyqa480_160x3_wood_v2_resplit,Would Jean Harris's victim have avoided lentils?,True,0.9768483333181139,1,,"{""answer"": ""True""}"
408,deepseek-chat,conflictqa_strategyqa480_160x3_wood_v2_resplit,Can furniture be made of hair?,True,0.9919411303730818,1,,"{""answer"": ""True""}"
416,deepseek-chat,conflictqa_strategyqa480_160x3_wood_v2_resplit,Is Sea World hazardous to leopard seal's health?,True,0.999942781177545,1,,"{""answer"": ""True""}"
443,deepseek-chat,conflictqa_strategyqa480_160x3_wood_v2_resplit,Does Lorem ipsum backwards fail to demonstrate alliteration?,False,0.9554908931757331,1,,"{""answer"": ""False""}"
442,deepseek-chat,conflictqa_strategyqa480_160x3_wood_v2_resplit,Is an ammonia fighting cleaner good for pet owners?,True,0.9996055291391683,1,,"{""answer"": ""True""}"
555,deepseek-chat,conflictqa_strategyqa480_160x3_wood_v2_resplit,"At Christmastime, do some films remind us that groundhog day is approaching?",False,0.9261974986221693,0,,"{""answer"": ""False""}"
380,deepseek-chat,conflictqa_strategyqa480_160x3_wood_v2_resplit,Should a Celiac sufferer avoid spaghetti?,True,0.9999831064838542,1,,"{""answer"": ""True""}"
433,deepseek-chat,conflictqa_strategyqa480_160x3_wood_v2_resplit,"If you were at an Apple store, would most of the computers be running Ubuntu?",False,0.9999820165888463,1,,"{""answer"": ""False""}"
300,deepseek-chat,conflictqa_strategyqa480_160x3_wood_v2_resplit,Could Ryan Crouser throw a bengal fox with ease?,True,0.9876550869942865,1,,"{""answer"": ""True""}"
622,deepseek-chat,conflictqa_strategyqa480_160x3_wood_v2_resplit,Does Super Mario require electricity to play?,True,0.9965943830278606,1,,"{""answer"": ""True""}"
600,deepseek-chat,conflictqa_strategyqa480_160x3_wood_v2_resplit,Were Jackson Pollock's parents not required to say The Pledge of Allegiance as children?,True,0.9871213080266844,1,,"{""answer"": ""True""}"
528,deepseek-chat,conflictqa_strategyqa480_160x3_wood_v2_resplit,Can second row of QWERTY keyboard spell Abdastartus's kingdom?,False,0.7976106512499653,0,,"{""answer"": ""False""}"
303,deepseek-chat,conflictqa_strategyqa480_160x3_wood_v2_resplit,Are quadrupeds represented on Chinese calendar?,True,0.9998904696922251,1,,"{""answer"": ""True""}"
