model,metric,factor,effect,abs_effect
POOLED,accuracy,Temperature,-0.004647726687771803,0.004647726687771803
POOLED,accuracy,Prompt,-0.27590782886778376,0.27590782886778376
POOLED,accuracy,Scale1to10,-0.007695432141662166,0.007695432141662166
POOLED,mean_conf,Temperature,-0.01296807270856748,0.01296807270856748
POOLED,mean_conf,Prompt,0.03341848270542602,0.03341848270542602
POOLED,mean_conf,Scale1to10,-0.24418923472265816,0.24418923472265816
POOLED,gap,Temperature,-0.00832034602079564,0.00832034602079564
POOLED,gap,Prompt,0.3093263115732097,0.3093263115732097
POOLED,gap,Scale1to10,-0.23649380258099598,0.23649380258099598
POOLED,ece,Temperature,0.004956138697298329,0.004956138697298329
POOLED,ece,Prompt,-0.01660829069039323,0.01660829069039323
POOLED,ece,Scale1to10,0.18647670247648696,0.18647670247648696
